"netease_id","qq_id","name","artist","album","ne_name","ne_artist","qq_name","qq_artist","match_source","synced"
"101106","1647643","风起天阑","河图","风起天阑","风起天阑","河图","风起天阑","河图","manual","1"
"101120","1647648","伶仃谣","河图","风起天阑","伶仃谣","河图","","","manual","1"
"1294910588","213016722","逆光","坂本真綾","逆光","逆光","坂本真綾","逆光","坂本真綾","manual","1"
"1297802566","404804657","盗墓笔记·十年人间","李常超 (Lao乾妈)","盗墓笔记·十年人间","盗墓笔记·十年人间","李常超 (Lao乾妈)","","","manual","1"
"1298646758","240711173","雪の雫","","","雪の雫","","雪の雫","高桥优","manual","1"
"1303028512","203845506","Dimple","BTS (防弹少年团)","LOVE YOURSELF 結 'Answer'","Dimple","BTS (防弹少年团)","","","manual","1"
"1305366565","247511374","春夏秋冬","sumika","ファンファーレ / 春夏秋冬","春夏秋冬","sumika","春夏秋冬","sumika","manual","1"
"1311131081","230397538","秘密 (movie ver.)","sumika","劇場アニメ 君の膵臓をたべたい オリジナル・サウンドトラック","秘密 (movie ver.)","sumika","秘密","sumika","manual","1"
"1313052943","217935874","不可思議のカルテ","瀬戸麻沙美","【青春ブタ野郎はバニーガール先輩の夢を見ない】不可思議のカルテ","不可思議のカルテ","瀬戸麻沙美","不可思議のカルテ","瀬戸麻沙美","manual","1"
"1313107065","639985503","RISE","英雄联盟","RISE","RISE","英雄联盟","","","manual","1"
"1313107902","217998922","君のせい","the peggies","君のせい","君のせい","the peggies","","","manual","1"
"1313354324","217563282","出山","花粥","粥请客（四）","出山","花粥","","","manual","1"
"1318880077","218611582","Flamingo","米津玄師","Flamingo / TEENAGE RIOT","Flamingo","米津玄師","","","manual","1"
"1319146111","236114794","月满清爵","李蚊香","月满清爵","月满清爵","李蚊香","月满清爵","李蚊香","manual","1"
"1320634307","218764498","伴宅日记","织梦令","【H6】半宅日记（人声版）","伴宅日记","织梦令","伴宅日记","千月兔","manual","1"
"1321297488","450628576","跟太阳系说再见","祝乾亮","起航","跟太阳系说再见","祝乾亮","","","manual","1"
"1321874925","310083400","栖凰","三无Marblue","栖凰（Cover 忘川风华录）","栖凰","三无Marblue","栖凰","三无Marblue","manual","1"
"1324466790","229002476","LOSER","电鸟个灯泡","LOSER","LOSER","电鸟个灯泡","","","manual","1"
"1328183119","222530517","Cage <NTv>","SawanoHiroyuki[nZk]","narrative / NOISEofRAIN","Cage <NTv>","SawanoHiroyuki[nZk]","","","manual","1"
"1338264578","226804371","花びらたちのマーチ","Aimer","I beg you / 花びらたちのマーチ / Sailing","花びらたちのマーチ","Aimer","花びらたちのマーチ","Aimer","manual","1"
"1342950406","228283602","カワキヲアメク","美波","カワキヲアメク","カワキヲアメク","美波","カワキヲアメク","美波","manual","1"
"1344065160","","藤原千花角色歌-テカっとチカ千花っ（翻自 小原好美）","Hanser","hanser唱的歌(181016开始的","藤原千花角色歌-テカっとチカ千花っ（翻自 小原好美）","Hanser","","","unmatched",""
"1344936","102689906","The Riddle (Album Version)","Five for Fighting","Playlist: The Very Best Of Five For Fighting","The Riddle (Album Version)","Five for Fighting","","","manual","1"
"1345368792","229524726","冠世一战","言和","冠世一战","冠世一战","言和","冠世一战","言和","manual","1"
"1345488418","231706700","inside you","milet","inside you EP","inside you","milet","","","manual","1"
"1350658663","229387533","山河图","凤凰传奇","山河图","山河图","凤凰传奇","山河图","凤凰传奇","manual","1"
"1355199480","250441761","【粤语填词】ラブ・ドラマティック（辉夜大小姐想让我告白OP）","魔术肥","辉夜大小姐想让我告白OP","【粤语填词】ラブ・ドラマティック（辉夜大小姐想让我告白OP）","魔术肥","","","manual","1"
"1357775528","233199557","コイワズライ","Aimer","Sun Dance","コイワズライ","Aimer","","","manual","1"
"1361188105","352005483","チカっとチカ千花っ","小原好美","チカっとチカ千花っ","チカっとチカ千花っ","小原好美","チカっとチカ千花っ","小原好美","name_artist","1"
"1363303614","237769590","STAND-ALONE","Aimer","STAND-ALONE","STAND-ALONE","Aimer","STAND-ALONE","Aimer","manual","1"
"1365924378","232362004","Pretender","Official髭男dism","Pretender","Pretender","Official髭男dism","Pretender","Official髭男dism","manual","1"
"1369768735","203639610","JUSTICE","貴水博之","仮面ライダーエグゼイド TV主題歌&挿入歌 ベストソングコレクション","JUSTICE","貴水博之","","","manual","1"
"1378491298","326990541","愛にできることはまだあるかい","RADWIMPS","天気の子","愛にできることはまだあるかい","RADWIMPS","","","manual","1"
"1378916759","252614101","云雀 (《君主·埃尔梅罗二世事件簿 》ED) TV size（翻自 ASCA）","ina喵","雲雀","云雀 (《君主·埃尔梅罗二世事件簿 》ED) TV size（翻自 ASCA）","ina喵","","","manual","1"
"1381724376","236898229","Zero Eclipse","澤野弘之","「進撃の巨人」Season3 オリジナルサウンドトラック","Zero Eclipse","澤野弘之","Zero Eclipse","澤野弘之","manual","1"
"1382838382","250666006","飛行艇","King Gnu","飛行艇","飛行艇","King Gnu","","","manual","1"
"1383023894","235883438","玫瑰少年","五月天","玫瑰少年","玫瑰少年","五月天","玫瑰少年","五月天","manual","1"
"1383736734","236025556","Daisy","Aimer","Torches","Daisy","Aimer","Daisy","Aimer","manual","1"
"1386002493","236541376","Teeth","5 Seconds of Summer","13 Reasons Why (Season 3)","Teeth","5 Seconds of Summer","Teeth","5 Seconds Of Summer","manual","1"
"1388185341","237388706","雲雀","ASCA","RUST / 雲雀 / 光芒","雲雀","ASCA","雲雀","ASCA","name_artist","1"
"1388828303","316939749","starting the case- Rail Zeppelin","梶浦由記","ロード・エルメロイⅡ世の事件簿 -魔眼蒐集列車 Grace note- Original Soundtrack","starting the case- Rail Zeppelin","梶浦由記","","","manual","1"
"1396666304","240359204","Phantom Joke","UNISON SQUARE GARDEN","Phantom Joke (初回限定盤)","Phantom Joke","UNISON SQUARE GARDEN","Phantom Joke","UNISON SQUARE GARDEN","manual","1"
"1397345903","242254267","悬溺","葛东琪","第二街区","悬溺","葛东琪","悬溺","葛东琪","manual","1"
"1398447392","245594226","星が降るユメ","藍井エイル","星が降るユメ","星が降るユメ","藍井エイル","","","manual","1"
"1401456829","263960623","Drown","milet","Drown / You & I","Drown","milet","Drown","milet","manual","1"
"1403150208","240145452","Phoenix（涅槃）—英雄联盟2019全球总决赛主题曲（翻自 Cailin Russo）","-Lil Marron-","Phoenix（涅槃）","Phoenix（涅槃）—英雄联盟2019全球总决赛主题曲（翻自 Cailin Russo）","-Lil Marron-","","","manual","1"
"1409311773","247294300","夜に駆ける","YOASOBI","夜に駆ける","夜に駆ける","YOASOBI","夜に駆ける","YOASOBI","manual","1"
"1412559986","384947770","吹灭小山河","国风堂","观风月·竹马篇","吹灭小山河","国风堂","","","manual","1"
"1417453306","263960625","Prover","milet","Prover / Tell me","Prover","milet","Prover","milet","manual","1"
"1417621861","251560227","恋音と雨空","Lefty Hand Cream","1LDK","恋音と雨空","Lefty Hand Cream","","","manual","1"
"1420533652","253335452","Tell me","milet","Prover / Tell me","Tell me","milet","Tell me","milet","manual","1"
"1429420739","255394588","春はゆく","Aimer","春はゆく / marie","春はゆく","Aimer","春はゆく","Aimer","manual","1"
"1431292823","255722346","夜航星 (Night Voyager)","蔡明希（不才）","我的三体之章北海传 原声音乐集","夜航星 (Night Voyager)","蔡明希（不才）","","","manual","1"
"1445787052","262805384","猫 (The First Take Version)","北村匠海","猫 〜THE FIRST TAKE ver.〜","猫 (The First Take Version)","北村匠海","","","manual","1"
"1448496938","265398455","Life goes on","平井 大","Life goes on","Life goes on","平井 大","","","manual","1"
"1454730043","323336266","赤伶","李玉刚","赤伶","赤伶","李玉刚","","","manual","1"
"145650","480811","你快回来","孙楠","楠得精选","你快回来","孙楠","你快回来","孙楠","manual","1"
"1460137406","284722992","LiSA-紅蓮華（ROCK_2027 remix）","さようなら","鬼滅の刃（鬼灭之刃）","LiSA-紅蓮華（ROCK_2027 remix）","さようなら","","","manual","1"
"1470427638","312352466","躍動","坂本真綾","躍動","躍動","坂本真綾","","","manual","1"
"1472480890","275094701","群青","YOASOBI","群青","群青","YOASOBI","群青","YOASOBI","manual","1"
"1477670","333677","Take Me Home Country Roads","John Denver","Take Me Home: The John Denver Story","Take Me Home Country Roads","John Denver","","","manual","1"
"1484336476","279242313","恋のうた","Yunomi","恋のうた  feat. 由崎司","恋のうた","Yunomi","","","manual","1"
"1485787692","280038676","Christmas Song","back number","Classic Christmas Hits","Christmas Song","back number","","","manual","1"
"1486106274","292356870","春を告げる","yama","春を告げる","春を告げる","yama","春を告げる","yama","manual","1"
"1491585","212734310","Traveling Light","Joel Hanson","Traveling Light","Traveling Light","Joel Hanson","","","manual","1"
"1494812318","345452046","Call of Silence x Zero Eclipse","Samuel Kim","Attack on Titan: Epic Collection (Cover)","Call of Silence x Zero Eclipse","Samuel Kim","","","manual","1"
"150361","106698217","三国恋","Tank","Fighting!生存之道","三国恋","Tank","三国恋","Tank","manual","1"
"16343605","232353775","Runnin'","Adam Lambert","Trespassing (Deluxe Version)","Runnin'","Adam Lambert","Runnin'","Adam Lambert","manual","1"
"16426485","214789151","Riverside","Agnes Obel","Philharmonics","Riverside","Agnes Obel","Riverside","Agnes Obel","manual","1"
"167975","5193769","曾经的你","许巍","每一刻都是崭新的","曾经的你","许巍","卒業メモリーズ〜サヨナラ、あなた。〜","沢井美空","manual","1"
"1803908863","289448163","怪物","YOASOBI","怪物","怪物","YOASOBI","怪物","YOASOBI","manual","1"
"1807799505","291692590","唯一","告五人","运气来得若有似无","唯一","告五人","唯一","告五人","manual","1"
"1843271239","307890377","Cry Baby","Official髭男dism","Cry Baby","Cry Baby","Official髭男dism","Cry Baby","Official髭男dism","manual","1"
"1859245776","318931533","STAY","The Kid LAROI","STAY","STAY","The Kid LAROI","STAY","The Kid LAROI","manual","1"
"18671843","213876746","The Imperial March (Darth Vader's Theme)","John Williams","Star Wars Episode V: The Empire Strikes Back (Original Motion Picture Soundtrack)","The Imperial March (Darth Vader's Theme)","John Williams","The Imperial March (Darth Vader's Theme)","John Williams","manual","1"
"1869929814","321565147","生命線","ReoNa","月姫 -A piece of blue glass moon- THEME SONG E.P.","生命線","ReoNa","生命線","ReoNa","manual","1"
"1870469768","320634695","老人と海","ヨルシカ","老人と海","老人と海","ヨルシカ","","","manual","1"
"1874642688","338156155","Trigger","佐久間貴生","Trigger","Trigger","佐久間貴生","Trigger","佐久間貴生","manual","1"
"1882027016","399013415","Unchained World","GENERATIONS from EXILE TRIBE","Unchained World","Unchained World","GENERATIONS from EXILE TRIBE","","","manual","1"
"188647","1833621","她来听我的演唱会","张学友","友情歌","她来听我的演唱会","张学友","","","manual","1"
"1897084229","333513700","残響散歌","Aimer","残響散歌","残響散歌","Aimer","残響散歌","Aimer","manual","1"
"1900024768","335638750","歌者","谭维维","歌者","歌者","谭维维","歌者","谭维维","manual","1"
"1911281594","431115590","どうして","高瀬統也","どうして (feat. 野田愛実)","どうして","高瀬統也","どうして (feat. 野田愛実)","高瀬統也","manual","1"
"1911377814","585767497","鸳鸯债","Uri","纸嫁衣3鸳鸯债","鸳鸯债","Uri","","","manual","1"
"191254","273032704","天下","张杰","明天过后","天下","张杰","天下","张杰","manual","1"
"1942372651","353997738","M八七","米津玄師","M八七","M八七","米津玄師","","","manual","1"
"19542337","1783988","Hall of Fame","The Script","#3 Deluxe Version","Hall of Fame","The Script","","","manual","1"
"1954956658","332562324","剑魂","汪苏泷","剑魂","剑魂","汪苏泷","剑魂","汪苏泷","manual","1"
"1956534872","369482028","花の塔","さユり","花の塔","花の塔","さユり","花の塔","さユり","manual","1"
"1969519579","369997972","可愛くてごめん (feat. かぴ)","HoneyWorks","告白実行委員会 -FLYING SONGS- 恋してる","可愛くてごめん (feat. かぴ)","HoneyWorks","可愛くてごめん (feat. かぴ)","HoneyWorks","manual","1"
"1983292457","376343869","祝福","YOASOBI","祝福","祝福","YOASOBI","祝福","YOASOBI","manual","1"
"1983527215","376794891","青春コンプレックス","結束バンド","青春コンプレックス","青春コンプレックス","結束バンド","青春コンプレックス","結束バンド","manual","1"
"1983593929","376407868","STAR WALKIN' (League of Legends Worlds Anthem)","Lil Nas X","STAR WALKIN' (League of Legends Worlds Anthem)","STAR WALKIN' (League of Legends Worlds Anthem)","Lil Nas X","STAR WALKIN'","Lil Nas X","manual","1"
"1984892291","376959725","Celestial","Ed Sheeran","Celestial","Celestial","Ed Sheeran","Celestial","Ed Sheeran","manual","1"
"1991012773","379746169","ギターと孤独と蒼い惑星","結束バンド","ギターと孤独と蒼い惑星","ギターと孤独と蒼い惑星","結束バンド","ギターと孤独と蒼い惑星","結束バンド","manual","1"
"2004999754","387674138","面壁者","G.E.M.邓紫棋","面壁者","面壁者","G.E.M.邓紫棋","","","manual","1"
"2014291207","391610675","人是_","周深","人是_","人是_","周深","人是_","周深","manual","1"
"2014337720","391630674","THREE-BODY","重塑雕像的权利","THREE-BODY","THREE-BODY","重塑雕像的权利","THREE-BODY (三体)","重塑雕像的权利","manual","1"
"2015555289","473951435","时间的尽头-陈雪燃","艾菊KonA.","时间的尽头Chak，时间的尽头KonA.，时间的尽头电视剧《三体》电视剧中文主题曲","时间的尽头-陈雪燃","艾菊KonA.","","","manual","1"
"2034742057","403181955","アイドル","YOASOBI","アイドル","アイドル","YOASOBI","アイドル","YOASOBI","manual","1"
"2036803051","409392599","メフィスト","女王蜂","メフィスト","メフィスト","女王蜂","メフィスト","女王蜂","manual","1"
"2061978961","420627190","离别开出花","就是南方凯","离别开出花","离别开出花","就是南方凯","离别开出花","就是南方凯","manual","1"
"2062746061","421186315","flowers","Hana Hope","flowers","flowers","Hana Hope","flowers","Hana Hope","manual","1"
"2065210967","426909707","僕らのスペクトラ","きただにひろし","僕らのスペクトラ","僕らのスペクトラ","きただにひろし","僕らのスペクトラ","きただにひろし","manual","1"
"2067068109","424728186","旅人","罗云熙","旅人","旅人","罗云熙","旅人","罗云熙","manual","1"
"20789751","2836092","Roundabout","Yes","Yesstory","Roundabout","Yes","Roundabout","Yes","manual","1"
"2084034562","438021880","Anytime Anywhere","milet","Anytime Anywhere","Anytime Anywhere","milet","Anytime Anywhere","milet","manual","1"
"2088507144","439495286","GODS","NewJeans","GODS","GODS","NewJeans","登神 (GODS)","NewJeans","manual","1"
"2097486090","443654270","春日影 (MyGO!!!!! ver.)","MyGO!!!!!","迷跡波","春日影 (MyGO!!!!! ver.)","MyGO!!!!!","春日影","MyGO!!!!!","manual","1"
"2100202477","450508691","Biri-Biri","YOASOBI","Biri-Biri","Biri-Biri","YOASOBI","Biri-Biri","YOASOBI","manual","1"
"2114614108","461870184","晴る","ヨルシカ","晴る","晴る","ヨルシカ","晴る","ヨルシカ","manual","1"
"21303946","221214293","Something In The Way","Nirvana","Nevermind","Something In The Way","Nirvana","Something In The Way","Nirvana","manual","1"
"2145152864","639382791","宝莲","刘烨溦","宝莲","宝莲","刘烨溦","","","manual","1"
"2151202025","486871564","Arsonist","塞壬唱片-MSR","Arsonist","Arsonist","塞壬唱片-MSR","Arsonist","塞壬唱片-MSR","name_artist","1"
"22660461","881606","ゆうべは俺が悪かった","ハンバート ハンバート","ニッケルオデオン","ゆうべは俺が悪かった","ハンバート ハンバート","ゆうべは俺が悪かった","Humbert Humbert","manual","1"
"22677570","7410077","ワールドイズマイン","初音ミク","初音ミクベスト ～memories～","ワールドイズマイン","初音ミク","","","manual","1"
"22689960","104868274","砂塵の彼方へ…","Revo","Dream Port","砂塵の彼方へ…","Revo","砂塵の彼方へ…","Revo","manual","1"
"22691884","414137444","Destiny -太陽の花-","島谷ひとみ","Best & Covers","Destiny -太陽の花-","島谷ひとみ","","","manual","1"
"22731459","204177261","you are my king","梶浦由記","Fate／Zero Original Soundtracks Vol.2","you are my king","梶浦由記","you are my king","梶浦由记","manual","1"
"22782025","105163193","美しきもの","Sound Horizon","Roman","美しきもの","Sound Horizon","美しきもの","Sound Horizon","manual","1"
"22782085","1743659","恋人を射ち堕とした日","Sound Horizon","Lost","恋人を射ち堕とした日","Sound Horizon","恋人を射ち堕とした日","Sound Horizon","manual","1"
"25794008","5063374","黑暗骑士","林俊杰","因你而在","黑暗骑士","林俊杰","黑暗骑士 (feat. 五月天)","林俊杰","manual","1"
"26085194","1458838","雪の華","中島美嘉","LØVE","雪の華","中島美嘉","","","manual","1"
"2609798816","456340455","Sukidayo -Hyakkai No Koukai- (English Version)","Che'Nelle","Sukidayo ~Hyakkai No Koukai~ (English Ver.)","Sukidayo -Hyakkai No Koukai- (English Version)","Che'Nelle","","","manual","1"
"26127499","2635728","Headlight-English version-","MONKEY MAJIK","ENGLISH BEST","Headlight-English version-","MONKEY MAJIK","","","manual","1"
"26259014","4814534","いつもこの場所で","彩音","いつもこの場所で","いつもこの場所で","彩音","","","manual","1"
"26303800","4813985","ROBOTICS;NOTES","林ゆうき","ROBOTICS;NOTES ORIGINAL SOUNDTRACK","ROBOTICS;NOTES","林ゆうき","ROBOTICS;NOTES","林友树","manual","1"
"26324043","235255548","美しき残酷な世界","日笠陽子","美しき残酷な世界【通常盤】","美しき残酷な世界","日笠陽子","","","manual","1"
"26333115","3608434","素敵だね","RIKKI","FINAL FANTASY Vocal Collection","素敵だね","RIKKI","","","manual","1"
"26562731","236898231","Call your name","澤野弘之","「進撃の巨人」オリジナルサウンドトラック","Call your name","澤野弘之","","","manual","1"
"26830207","108956791","僕が死のうと思ったのは","中島美嘉","僕が死のうと思ったのは","僕が死のうと思ったのは","中島美嘉","","","manual","1"
"2694779693","573897447","Eclipse","Aimer","Eclipse","Eclipse","Aimer","Eclipse","Aimer","name_artist","1"
"27203936","101465618","Y.M.C.A","Village People","Pure Disco","Y.M.C.A","Village People","Y.M.C.A.","Village People","manual","1"
"27566686","3586675","I LOVE YOU","高橋優","僕らの平成ロックンロール②","I LOVE YOU","高橋優","I LOVE YOU","高桥优","manual","1"
"27591598","203452608","Белая кошка","Мельница","Зов крови","Белая кошка","Мельница","Белая кошка","Мельница","manual","1"
"27599915","233024132","空は高く風は歌う","春奈るな","OVERSKY","空は高く風は歌う","春奈るな","空は高く風は歌う","春奈るな","manual","1"
"27623632","204572559","すーぱー☆あふぇくしょん","栗林みな実","すーぱー☆あふぇくしょん","すーぱー☆あふぇくしょん","栗林みな実","","","manual","1"
"276294","4838530","相思","毛阿敏","腔.调","相思","毛阿敏","","","manual","1"
"27759600","103061880","Five Hundred Miles","Justin Timberlake","Inside Llewyn Davis: Original Soundtrack Recording","Five Hundred Miles","Justin Timberlake","Five Hundred Miles","Justin Timberlake","manual","1"
"27946894","617142243","Silver Scrapes","英雄联盟","最新热歌慢摇16","Silver Scrapes","英雄联盟","","","manual","1"
"27969844","240460430","Wings (feat. Casey Lee Williams)","Jeff Williams","RWBY, Vol. 1 (Music from the Rooster Teeth Series)","Wings (feat. Casey Lee Williams)","Jeff Williams","Wings (feat. Casey Lee Williams)","Jeff Williams","manual","1"
"28009051","105856112","没有理想的人不伤心","新裤子","生命因你而火热","没有理想的人不伤心","新裤子","","","manual","1"
"28018264","2635393","銀色飛行船","supercell","ZIGAEXPERIENTIA","銀色飛行船","supercell","銀色飛行船","supercell","manual","1"
"28018269","5148865","Daisy","R・O・N","Daisy","Daisy","R・O・N","","","manual","1"
"28138493","213944985","锦鲤抄","银临","锦鲤抄","锦鲤抄","银临","","","manual","1"
"28181103","5131923","步步","五月天","步步 自选作品辑","步步","五月天","步步","五月天","manual","1"
"28228004","288508587","太陽と向日葵","Flower","Flower","太陽と向日葵","Flower","","","manual","1"
"28453011","276530832","寸缕","河图","河图作品合集","寸缕","河图","寸缕","河图","manual","1"
"28457932","5453330","高山低谷","林奕匡","3","高山低谷","林奕匡","高山低谷","林奕匡","manual","1"
"28587152","616871472","さがしもの","ハンバート ハンバート","おかえりなさい","さがしもの","ハンバート ハンバート","","","manual","1"
"28661660","5002187","INNOCENCE","藍井エイル","INNOCENCE","INNOCENCE","藍井エイル","","","manual","1"
"28830803","2458612","秋桜","柴田淳","COVER 70's","秋桜","柴田淳","秋桜","柴田淳","manual","1"
"28854949","102219626","こんな世界、知りたくなかった","沢井美空","こんな世界、知りたくなかった。","こんな世界、知りたくなかった","沢井美空","","","manual","1"
"28885472","255034567","ヤキモチ","高橋優","今、そこにある明滅と群生","ヤキモチ","高橋優","","","manual","1"
"28923579","7155491","Fire","Gavin DeGraw","Fire","Fire","Gavin DeGraw","Fire","Gavin DeGraw","manual","1"
"29017078","293571494","unravel","TK from 凛として時雨","Fantastic Magic","unravel","TK from 凛として時雨","","","manual","1"
"29019227","203723776","Sugar","Maroon 5","V","Sugar","Maroon 5","Sugar","Maroon 5","manual","1"
"29298283","201479732","The Carol of the Old Ones","H. P. Lovecraft Historical Society","A Very Scary Solstice","The Carol of the Old Ones","H. P. Lovecraft Historical Society","The Carol of the Old Ones","H. P. Lovecraft Historical Society","manual","1"
"29401226","203514080","Warriors","Imagine Dragons","Warriors (Official Anthem of League of Legends 2014 World Championship)","Warriors","Imagine Dragons","Warriors","Imagine Dragons","manual","1"
"29593497","142203","少女的祈祷","杨千嬅","Kiss Me Soft avep1","少女的祈祷","杨千嬅","","","manual","1"
"29732992","106270440","光るなら","Goose house","光るなら","光るなら","Goose house","光るなら","Goose house","manual","1"
"29794281","101369881","my sweetest one","Aimer","broKen NIGHT / holLow wORlD","my sweetest one","Aimer","my sweetest one","Aimer","manual","1"
"30284543","101821458","色彩","坂本真綾","幸せについて私が知っている５つの方法／色彩","色彩","坂本真綾","色彩","坂本真綾","manual","1"
"30284550","101836541","カラフル。","沢井美空","カラフル。","カラフル。","沢井美空","カラフル。","沢井美空","manual","1"
"30482372","102670663","高潔なる教皇","菅野祐悟","ジョジョの奇妙な冒険 スターダストクルセイダース O.S.T[Departure]","高潔なる教皇","菅野祐悟","","","manual","1"
"30798531","108898519","Call your name <MODv>","澤野弘之","進撃の巨人展","Call your name <MODv>","澤野弘之","","","manual","1"
"30953009","102193601","See You Again","Wiz Khalifa","Furious 7: Original Motion Picture Soundtrack (Deluxe)","See You Again","Wiz Khalifa","See You Again (feat. Charlie Puth)","Wiz Khalifa","manual","1"
"30967261","102679605","Immortals","Fall Out Boy","ベイマックス オリジナル・サウンドトラック","Immortals","Fall Out Boy","","","manual","1"
"31066263","2548871","名前のない怪物","EGOIST","「PSYCHO-PASS サイコパス」Complete Original Soundtrack 2","名前のない怪物","EGOIST","","","manual","1"
"31134830","7216774","こんな世界、知りたくなかった。","沢井美空","憂鬱日和。","こんな世界、知りたくなかった。","沢井美空","こんな世界、知りたくなかった。","沢井美空","manual","1"
"32069952","108657069","Entorevolution","Bernis","NEGA FRAGMENTS","Entorevolution","Bernis","Entorevolution","Bernis","manual","1"
"32272862","5095673","あなたを想いたい","小木曽雪菜","WHITE ALBUM2 Original Soundtrack ～setsuna～","あなたを想いたい","小木曽雪菜","","","manual","1"
"32358160","288607605","初恋","村下孝蔵","七夕夜想曲~村下孝蔵最高選曲集 其の壱","初恋","村下孝蔵","初恋 (アルバム・ヴァージョン)","村下孝蔵","manual","1"
"32358691","102627227","Brave Shine","Aimer","Brave Shine (期間生産限定アニメ盤)","Brave Shine","Aimer","Brave Shine","Aimer","manual","1"
"32431066","216483178","神のまにまに","初音ミク","聖槍爆裂ボーイ","神のまにまに","初音ミク","ありがとう…","KOKIA","manual","1"
"33035002","246588508","ほしぞら","KAKO♪","120円の春 Original SOUND TRACKS","ほしぞら","KAKO♪","","","manual","1"
"3325884349","624265156","Give Me Something (for Arknights Endfield)","OneRepublic","Give Me Something (for Arknights Endfield)","Give Me Something (for Arknights Endfield)","OneRepublic","Give Me Something (for Arknights Endfield)","OneRepublic","name_artist","1"
"33316372","211748007","ウルトラの奇跡","Project DMM","ウルトラマンメビウス ソング・コレクション","ウルトラの奇跡","Project DMM","ウルトラの奇跡","Project DMM","manual","1"
"3342981041","637536475","铁花飞","Mili","铁花飞","铁花飞","Mili","鐵花飛","Mili","manual","1"
"3370944459","657428009","宜","铁痕电台-MSR","宜","宜","铁痕电台-MSR","宜","铁痕电台-MSR","name_artist","1"
"3375918502","661140351","Innocence","塞壬唱片-MSR","Innocence","Innocence","塞壬唱片-MSR","Innocence","塞壬唱片-MSR","manual","1"
"35288978","104376938","Worlds Collide","英雄联盟","Worlds Collide","Worlds Collide","英雄联盟","","","manual","1"
"354500","6589021","千年之恋","F.I.R.","无限","千年之恋","F.I.R.","千年之恋","F.I.R.飞儿乐团","manual","1"
"354588","233555","Lydia","F.I.R.","飞儿乐团","Lydia","F.I.R.","Lydia","F.I.R.飞儿乐团","manual","1"
"36025996","612639778","半道英雄(全职高手填词)","群星","热门华语275","半道英雄(全职高手填词)","群星","","","manual","1"
"36871044","104855499","クリスマスソング","back number","クリスマスソング","クリスマスソング","back number","","","manual","1"
"36992901","232222090","50 Ways to Say Goodbye","Train","The Collection","50 Ways to Say Goodbye","Train","50 Ways to Say Goodbye","Train","manual","1"
"38358233","233664617","Angel","手嶌葵","I Love Cinemas - Premium Edition","Angel","手嶌葵","","","manual","1"
"3879508","293434","Back In Black","AC/DC","Iron Man 2","Back In Black","AC/DC","Back In Black","AC/DC","manual","1"
"3935139","5192759","Breath and Life","Audiomachine","The Platinum Series III: Eterna","Breath and Life","Audiomachine","","","manual","1"
"3986017","2166066","Viva La Vida","Coldplay","Viva La Vida or Death and All His Friends","Viva La Vida","Coldplay","Viva La Vida","Coldplay","manual","1"
"399249","268357502","一笑懸命","遊助","一笑懸命 / イナヅマ侍","一笑懸命","遊助","","","manual","1"
"405597568","105519195","山外小楼夜听雨","任然","从小到大","山外小楼夜听雨","任然","山外小楼夜听雨","任然","manual","1"
"406037684","105671604","さくらのうた","高橋優","さくらのうた","さくらのうた","高橋優","さくらのうた","高桥优","manual","1"
"406347677","245584372","英雄","doa","ウルトラマンシリーズ放送開始50年 ウルトラマン主題歌大全集 1966-2016","英雄","doa","英雄","doa","manual","1"
"406475394","105645505","Wonderful U (Demo Version)","AGA","Ginadoll","Wonderful U (Demo Version)","AGA","","","manual","1"
"407679411","216865760","Lancelot","Me And My Drummer","Love Is a Fridge","Lancelot","Me And My Drummer","","","manual","1"
"410802193","123848950","Hybrid Worlds","英雄联盟","Season 3 World Championship Theme","Hybrid Worlds","英雄联盟","","","manual","1"
"411496","103169878","Clear Mind","遠藤正明","遊☆戯☆王5D’sオープニングテーマ::BELIEVE IN NEXUS","Clear Mind","遠藤正明","Clear Mind","遠藤正明","manual","1"
"415086571","245145706","奸雄","贰婶","奸雄","奸雄","贰婶","","","manual","1"
"4153366","232353119","Numb","Linkin Park","Numb","Numb","Linkin Park","","","manual","1"
"416388799","107870320","明月天涯","五音Jw","明月天涯","明月天涯","五音Jw","極楽浄土","GARNiDELiA","manual","1"
"41654827","226874460","[A]ddiction","EVO+","EVOLUTION","[A]ddiction","EVO+","","","manual","1"
"41654975","105578699","Floating Heart","内田彩","Sweet Tears","Floating Heart","内田彩","Floating Heart","内田彩","manual","1"
"425137440","108750221","ロック风アレンジ","麻枝准","ロック风アレンジ","ロック风アレンジ","麻枝准","","","manual","1"
"426881487","107762013","前前前世 (movie ver.)","RADWIMPS","君の名は。","前前前世 (movie ver.)","RADWIMPS","前前前世","RADWIMPS","manual","1"
"431259256","108166948","カタオモイ","Aimer","daydream","カタオモイ","Aimer","カタオモイ","Aimer","manual","1"
"431357026","107551815","ninelie","Aimer","daydream","ninelie","Aimer","","","manual","1"
"431811484","108666152","Ignite","Zedd","Ignite (2016 League Of Legends World Championship)","Ignite","Zedd","","","manual","1"
"432509390","108668880","LOSER","米津玄師","LOSER / ナンバーナイン","LOSER","米津玄師","LOSER","米津玄師","manual","1"
"439076801","110054424","Monster","STARSET","Monster","Monster","STARSET","Monster","Starset","manual","1"
"446627347","202162136","心拍数♯0822（翻自 初音ミク）","Akie秋绘","冬氤。2016-17","心拍数♯0822（翻自 初音ミク）","Akie秋绘","","","manual","1"
"447925109","200003793","죽어도 너야","V","화랑 OST Part 2","죽어도 너야","V","","","manual","1"
"448119","102683480","騎士王の誇り","川井憲次","TVアニメ｢Fate/stay night A.Original Sountrack｣","騎士王の誇り","川井憲次","騎士王の誇り","川井宪次","manual","1"
"448144319","200106989","今年勇","许嵩","今年勇","今年勇","许嵩","","","manual","1"
"449818741","200255722","光年之外","G.E.M.邓紫棋","光年之外","光年之外","G.E.M.邓紫棋","光年之外","G.E.M. 邓紫棋","manual","1"
"451703096","200732335","Shape of You","Ed Sheeran","Shape of You","Shape of You","Ed Sheeran","Shape of You","Ed Sheeran","manual","1"
"452986458","200519549","红昭愿","音阙诗听","红昭愿","红昭愿","音阙诗听","红昭愿","音阙诗听","manual","1"
"454438530","200520421","被成全","苏琛","被成全","被成全","苏琛","被成全","苏琛","manual","1"
"454730055","110054424","Monster","STARSET","Vessels","Monster","STARSET","Monster","Starset","name_artist",""
"455426786","335470413","盲眼画师","洛绯烟","洛绯烟原创音乐故事专辑《听文》","盲眼画师","洛绯烟","","","manual","1"
"455502615","109212696","永世のクレイドル","鈴華ゆう子","CRADLE OF ETERNITY","永世のクレイドル","鈴華ゆう子","","","manual","1"
"462857509","102989825","色彩 ~訣別の時来たれり~","la la larks","Fate/Grand Order Original Soundtrack I","色彩 ~訣別の時来たれり~","la la larks","","","manual","1"
"462861453","474081036","色彩 ~雪花の盾~","la la larks","Fate/Grand Order Original Soundtrack I","色彩 ~雪花の盾~","la la larks","","","manual","1"
"471291389","217428815","陈冠希-陈冠希 - 战争（DJ Mr Felix Remix Bpm90）（Dj Felix Remix）","Dj Felix","战争Remix","陈冠希-陈冠希 - 战争（DJ Mr Felix Remix Bpm90）（Dj Felix Remix）","Dj Felix","陈冠希 - 战争","DJ Felix","manual","1"
"474739593","201698302","カサネテク","中村千尋","カサネテク","カサネテク","中村千尋","","","manual","1"
"476081885","202085510","LAST STARDUST","Aimer","BEST SELECTION ""noir""","LAST STARDUST","Aimer","LAST STARDUST","Aimer","manual","1"
"476081899","1762530","星屑ビーナス","Aimer","BEST SELECTION ""blanc""","星屑ビーナス","Aimer","星屑ビーナス","Aimer","manual","1"
"478507889","273439632","卡农（经典钢琴版）","dylanf","卡农Canon in D","卡农（经典钢琴版）","dylanf","","","manual","1"
"479029262","204232725","RAGE OF DUST","SPYAIR","機動戦士ガンダム 鉄血のオルフェンズ COMPLETE BEST","RAGE OF DUST","SPYAIR","","","manual","1"
"480097177","202221028","イマココ","東山奈央","イマココ / 月がきれい (アニメ盤)","イマココ","東山奈央","イマココ","东山奈央","manual","1"
"482633121","202603057","ERENthe標","澤野弘之","TVアニメ「進撃の巨人」Season 2 オリジナルサウンドトラック","ERENthe標","澤野弘之","","","manual","1"
"483671599","202773258","追光者","岑宁儿","夏至未至 影视原声带","追光者","岑宁儿","","","manual","1"
"4873065","433224","月光","胡彦斌","秦时明月 原声大碟","月光","胡彦斌","","","manual","1"
"4878122","3574664","乱世巨星（电影《97古惑仔：战无不胜》插曲）","陈小春","古惑仔最强精选集","乱世巨星（电影《97古惑仔：战无不胜》插曲）","陈小春","","","manual","1"
"490182455","324010856","THERE IS A REASON","鈴木このみ","「ノーゲーム・ノーライフ」コンプリートソングス「NO SONG NO LIFE」","THERE IS A REASON","鈴木このみ","","","manual","1"
"490595348","107870320","Désir TV Size ver.","GARNiDELiA","Désir TV Size ver.","Désir TV Size ver.","GARNiDELiA","","","manual","1"
"490602360","203278993","英雄 運命の詩","EGOIST","英雄　運命の詩","英雄 運命の詩","EGOIST","","","manual","1"
"491276296","252120240","山海志异","橙翼 情桑 帝听","春日迟迟","山海志异","橙翼 情桑 帝听","","","manual","1"
"4919981","109015584","Believe Me","阿保剛","STEINS;GATE サウンドトラックⅡ「Event Horizon」","Believe Me","阿保剛","","","manual","1"
"493093412","203527931","我的一个道姑朋友（男声版）（Cover Lon）","黑崎子","我的一个道姑朋友","我的一个道姑朋友（男声版）（Cover Lon）","黑崎子","","","manual","1"
"4930982","251008127","英雄(voyager version)","ボイジャー","すすめ!ウルトラマンゼロ","英雄(voyager version)","ボイジャー","","","manual","1"
"496617470","202689328","不见有情","河图","不见有情","不见有情","河图","不见有情","河图","manual","1"
"496869422","203636496","打上花火","Daoko","打上花火","打上花火","Daoko","","","manual","1"
"496902073","108175962","and I'm home -Original Master Version.-","喜多村英梨","「魔法少女まどか☆マギカ」 Ultimate Best","and I'm home -Original Master Version.-","喜多村英梨","","","manual","1"
"498187","100483512","βίος <MK+nZk Version>","小林未郁","GUILTY CROWN THEME SONGS COLLECTION","βίος <MK+nZk Version>","小林未郁","βίος <MK+nZk Version>","小林未郁","name_artist","1"
"499009","273528193","Unicorn","Hiroyuki Sawano","MOBILE SUIT GUNDAM UNICORN Original Motion Picture Soundtrack 1","Unicorn","Hiroyuki Sawano","","","manual","1"
"499299379","235886436","谓风","流仙","谓风","谓风","流仙","","","manual","1"
"499818","4939978","cocoon","林ゆうき","「トライアングル」オリジナル・サウンドトラック","cocoon","林ゆうき","","","manual","1"
"505446392","203838080","哪吒","蔡翊昇","十三夜之月","哪吒","蔡翊昇","","","manual","1"
"506196018","260354549","Legends Never Die","英雄联盟","Legends Never Die","Legends Never Die","英雄联盟","","","manual","1"
"512377169","200700861","orion","米津玄師","BOOTLEG","orion","米津玄師","","","manual","1"
"516997458","208890718","白石溪（Cover 洛天依 / 乐正绫）","双笙（陈元汐）","白石溪（Cover 洛天依 / 乐正绫）","白石溪（Cover 洛天依 / 乐正绫）","双笙（陈元汐）","","","manual","1"
"521418146","212013053","清廉なるHeretics","DracoVirgo","清廉なるHeretics","清廉なるHeretics","DracoVirgo","清廉なるHeretics","DracoVirgo","manual","1"
"524290692","212437296","Main Title and Escape","John Williams","Star Wars: The Last Jedi (Original Motion Picture Soundtrack)","Main Title and Escape","John Williams","","","manual","1"
"525278976","212656958","黑夜问白天","林俊杰","黑夜问白天","黑夜问白天","林俊杰","黑夜问白天","林俊杰","manual","1"
"525558041","276530787","若某日我封笔","河图","河图作品合集","若某日我封笔","河图","","","manual","1"
"529055542","229256745","一剑天涯","萧忆情Alex","一剑天涯","一剑天涯","萧忆情Alex","一剑天涯","萧忆情Alex","manual","1"
"529391590","212859761","人間だった (はるまきごはん歌唱カバー)","はるまきごはん","SLEEP SHEEP SUNROOM","人間だった (はるまきごはん歌唱カバー)","はるまきごはん","","","manual","1"
"530126","323960584","泣き虫空に可愛い傘","高橋優","こどものうた","泣き虫空に可愛い傘","高橋優","泣き虫空に可愛い傘","高橋優","manual","1"
"531295576","212877015","最美的期待","周笔畅","最美的期待","最美的期待","周笔畅","最美的期待","周笔畅","manual","1"
"532777446","213046248","月と花束 -アニメ「Fate/EXTRA Last Encore」ED ver.-","さユり","月と花束 (アニメ盤)","月と花束 -アニメ「Fate/EXTRA Last Encore」ED ver.-","さユり","","","manual","1"
"534066224","272291133","CLEAR","坂本真綾","CLEAR","CLEAR","坂本真綾","CLEAR","坂本真綾","manual","1"
"536622304","213086592","Lemon","米津玄師","Lemon","Lemon","米津玄師","Lemon","米津玄師","manual","1"
"536623413","212893338","ワルキューレがとまらない ～without Freyja～","ワルキューレ","ワルキューレは裏切らない","ワルキューレがとまらない ～without Freyja～","ワルキューレ","","","manual","1"
"536623501","212893338","Ref:rain","Aimer","Ref:rain / 眩いばかり","Ref:rain","Aimer","ワルキューレがとまらない〜without Freyja〜","Walküre","manual","1"
"540418","105917771","素敌だね","RIKKI","FINAL FANTASY X Original Soundtrack","素敌だね","RIKKI","","","manual","1"
"540968","213228498","One more time, One more chance","山崎まさよし","One more time, One more chance","One more time, One more chance","山崎まさよし","","","manual","1"
"541480120","617723845","清风未老","Winky诗","江湖客","清风未老","Winky诗","","","manual","1"
"543798303","216483178","ありがとう···","KOKIA","EVOLVE to LOVE -20 years Anniversary BEST-","ありがとう···","KOKIA","","","manual","1"
"548145483","204524531","一刀繚乱","六花","Fate/Grand Order Original Soundtrack II","一刀繚乱","六花","一刀繚乱","六花","manual","1"
"548145493","212013053","清廉なるHeretics","DracoVirgo","Fate/Grand Order Original Soundtrack II","清廉なるHeretics","DracoVirgo","清廉なるHeretics","DracoVirgo","manual","1"
"551277612","637536475","ヤキモチ（吃醋）（Cover 高橋優）","ゆう十","ヤキモチ（吃醋）","ヤキモチ（吃醋）（Cover 高橋優）","ゆう十","鐵花飛","Mili","manual","1"
"553738818","472269838","Miss U the 715th time","AniFace","三音成曲","Miss U the 715th time","AniFace","Miss U the 715th time","AniFace","manual","1"
"553755659","213958134","可不可以","张紫豪","可不可以","可不可以","张紫豪","","","manual","1"
"557579695","214052613","FAKE LOVE","BTS (防弹少年团)","LOVE YOURSELF 轉 'Tear'","FAKE LOVE","BTS (防弹少年团)","","","manual","1"
"560084","1762530","星屑ビーナス","Aimer","あなたに出会わなければ〜夏雪冬花〜/星屑ビーナス","星屑ビーナス","Aimer","星屑ビーナス","Aimer","manual","1"
"560108","1018473","MEMORIA","藍井エイル","MEMORIA","MEMORIA","藍井エイル","MEMORIA","藍井エイル","manual","1"
"560139","954181","六等星の夜","Aimer","六等星の夜 / 悲しみはオーロラに / TWINKLE TWINKLE LITTLE STAR","六等星の夜","Aimer","","","manual","1"
"569214126","214043333","可能否","木小雅","可能否","可能否","木小雅","可能否","木小雅","manual","1"
"574335388","214128980","云舒","河图","云舒","云舒","河图","","","manual","1"
"60280","101451","离别","阿杜","天黑","离别","阿杜","","","manual","1"
"605495","1058016","BRAVING!","KANAN","BRAVING!","BRAVING!","KANAN","BRAVING!","KANAN","manual","1"
"618325","7410195","絆","miu-clips","Rhythm of My Heart","絆","miu-clips","","","manual","1"
"620773","1784417","花のあとさき","mao","花のあとさき","花のあとさき","mao","","","manual","1"
"622956","1722281","HesitationSnow","fripSide","はつゆきさくら COMPLETE SOUNDTRACK","HesitationSnow","fripSide","HesitationSnow","fripSide","manual","1"
"644183","234113407","キミガタメ","Suara","夢路","キミガタメ","Suara","","","manual","1"
"64922","1338416","落花流水","陈奕迅","Solidays 新曲+精选","落花流水","陈奕迅","落花流水","陈奕迅","manual","1"
"654984","5193769","卒業メモリーズ〜サヨナラ、あなた。〜","沢井美空","卒業メモリーズ〜サヨナラ、あなた。〜","卒業メモリーズ〜サヨナラ、あなた。〜","沢井美空","","","manual","1"
"657666","102795182","残酷な天使のテーゼ","高橋洋子","残酷な天使のテーゼ/FLY ME TO THE MOON","残酷な天使のテーゼ","高橋洋子","残酷な天使のテーゼ","高橋洋子","manual","1"
"705331","102326703","コネクト","ClariS","コネクト","コネクト","ClariS","コネクト","ClariS","manual","1"
"713131","245584372","英雄","doa","英雄","英雄","doa","英雄","doa","manual","1"
"715785","220676817","Kronos","削除","Selentia","Kronos","削除","","","manual","1"
"719102","576733049","SAKURA","いきものがかり","SAKURA","SAKURA","いきものがかり","","","manual","1"
"722928","233032180","Departures〜あなたにおくるアイの歌〜","EGOIST","Departures~あなたにおくるアイの歌~","Departures〜あなたにおくるアイの歌〜","EGOIST","","","manual","1"
"722932","233032188","Euterpe","EGOIST","Departures~あなたにおくるアイの歌~","Euterpe","EGOIST","","","manual","1"
"730669","1824721","星の在り処","う～み","空を見上げて ～英雄伝説 空の軌跡 ボーカルバージョン～","星の在り処","う～み","星の在り処","う～み","manual","1"
"809268","1833093","sweets parade","花澤香菜","妖狐×僕SS ENDING SONG Vol.3","sweets parade","花澤香菜","","","manual","1"
"812400","435095664","PLANET","ラムジ","3ラムジ","PLANET","ラムジ","","","manual","1"
"818316","268347156","ツキアカリのミチシルベ","ステレオポニー","ツキアカリのミチシルベ","ツキアカリのミチシルベ","ステレオポニー","","","manual","1"
"831869","4799526","幼女幻奏","Sing, R. Sing!","らんしゃましゃんしゃん♪","幼女幻奏","Sing, R. Sing!","幼女幻奏","Sing, R. Sing!","manual","1"
"857619","102184080","深海少女","のぶなが","voices in a bottle ～海を越え届いた歌声～","深海少女","のぶなが","","","manual","1"
"863967108","236898237","Barricades <MOVIEver.>","澤野弘之","劇場版「進撃の巨人」Season2 ～覚醒の咆哮～ 特典CD","Barricades <MOVIEver.>","澤野弘之","","","manual","1"
"86849","5162654","爱与诚","古巨基","大雄","爱与诚","古巨基","","","manual","1"
"93053","412255","男人KTV","胡彦斌","男人歌 全胜 铂金版","男人KTV","胡彦斌","","","manual","1"
"93213","98087","红颜","胡彦斌","MuSiC混合体","红颜","胡彦斌","红颜","胡彦斌","manual","1"
"","100229","梦的光点","王心凌","Cyndi With U","","","梦的光点","王心凌","qq_only",""
"","1007827","蓝莲花","许巍","时光, 漫步","","","蓝莲花","许巍","qq_only",""
"","100929","一眼万年","S.H.E","天外飞仙 电视原声带","","","一眼万年","S.H.E","qq_only",""
"","101014","曹操","林俊杰","曹操","","","曹操","林俊杰","qq_only",""
"","101091484","给我一首歌的时间","周杰伦","魔杰座","","","给我一首歌的时间","周杰伦","qq_only",""
"","101101739","红模仿","周杰伦","依然范特西","","","红模仿","周杰伦","qq_only",""
"","101133228","鞋子特大号","周杰伦","哎呦，不错哦","","","鞋子特大号","周杰伦","qq_only",""
"","101304","孤单心事","蓝又时","终极一班 电视剧原声带","","","孤单心事","蓝又时","qq_only",""
"","101369814","算什么男人","周杰伦","哎呦，不错哦","","","算什么男人","周杰伦","qq_only",""
"","101369881","my sweetest one","Aimer","broKen NIGHT / holLow wORlD","","","my sweetest one","Aimer","qq_only",""
"","101465618","Y.M.C.A.","Village People","Cruisin'","","","Y.M.C.A.","Village People","qq_only",""
"","101659149","翅膀","林俊杰","乐行者","","","翅膀","林俊杰","qq_only",""
"","101787866","天涯过客","周杰伦","哎呦，不错哦","","","天涯过客","周杰伦","qq_only",""
"","101787871","听爸爸的话","周杰伦","哎呦，不错哦","","","听爸爸的话","周杰伦","qq_only",""
"","101787872","美人鱼","周杰伦","哎呦，不错哦","","","美人鱼","周杰伦","qq_only",""
"","101787873","听见下雨的声音","周杰伦","哎呦，不错哦","","","听见下雨的声音","周杰伦","qq_only",""
"","101795113","手心的蔷薇","林俊杰","新地球 - 人 (Special Edition)","","","手心的蔷薇","林俊杰","qq_only",""
"","101795117","生生","林俊杰","新地球 - 人 (Special Edition)","","","生生","林俊杰","qq_only",""
"","101810791","千本桜","初音未来","EXIT TUNES PRESENTS Vocalodream (ボカロドリーム) feat. 初音ミク","","","千本桜","初音未来","qq_only",""
"","101813361","素颜","许嵩","素颜","","","素颜","许嵩","qq_only",""
"","101821458","色彩","坂本真綾","幸せについて私が知っている５つの方法／色彩","","","色彩","坂本真綾","qq_only",""
"","101823812","BACK ON THE ROCKS","Mega NRG Man","SUPER EUROBEAT presents INITIAL D ABSOLUTE ALBUM feat.KEISUKE TAKAHASHI","","","BACK ON THE ROCKS","Mega NRG Man","qq_only",""
"","101836541","カラフル。","沢井美空","カラフル。(期間生産限定盤)","","","カラフル。","沢井美空","qq_only",""
"","1018473","MEMORIA","藍井エイル","MEMORIA","","","MEMORIA","藍井エイル","qq_only",""
"","102061303","参商","蔡明希-不才","参商","","","参商","蔡明希-不才","qq_only",""
"","102065756","七里香","周杰伦","七里香","","","七里香","周杰伦","qq_only",""
"","102066449","退后","周杰伦","依然范特西","","","退后","周杰伦","qq_only",""
"","102072239","心做し","蝶々P","EXIT TUNES PRESENTS GUMical from Megpoid","","","心做し","蝶々P","qq_only",""
"","102174735","君がいなくちゃだめなんだ","花澤香菜","君がいなくちゃだめなんだ","","","君がいなくちゃだめなんだ","花澤香菜","qq_only",""
"","102190373","This game","铃木木乃美","鈴木このみ2ndアルバム「18 -Colorful Gift-」【通常盤】","","","This game","铃木木乃美","qq_only",""
"","102193601","See You Again (feat. Charlie Puth)","Wiz Khalifa","Furious 7: Original Motion Picture Soundtrack (Explicit)","","","See You Again (feat. Charlie Puth)","Wiz Khalifa","qq_only",""
"","102204538","阳光宅男","周杰伦","我很忙","","","阳光宅男","周杰伦","qq_only",""
"","102296985","有何不可","许嵩","自定义","","","有何不可","许嵩","qq_only",""
"","102296994","残酷月光","林宥嘉","神秘嘉宾","","","残酷月光","林宥嘉","qq_only",""
"","102320103","白色风车","周杰伦","依然范特西","","","白色风车","周杰伦","qq_only",""
"","102323146","猪突猛進","百石元","冴えない彼女の育てかた 第2巻 特典CD","","","猪突猛進","百石元","qq_only",""
"","102326703","コネクト","ClariS","ClariS -Single Best 1st-","","","コネクト","ClariS","qq_only",""
"","102328570","小太阳","五月天","小太阳","","","小太阳","五月天","qq_only",""
"","102331616","摩托车日记","五月天","为爱而生","","","摩托车日记","五月天","qq_only",""
"","102335716","Against All Odds (Take A Look at Me Now)","Mariah Carey","Coast To Coast (Expanded Edition)","","","Against All Odds (Take A Look at Me Now)","Mariah Carey","qq_only",""
"","102340965","蒲公英的约定","周杰伦","我很忙","","","蒲公英的约定","周杰伦","qq_only",""
"","102340968","扯","周杰伦","我很忙","","","扯","周杰伦","qq_only",""
"","102340969","甜甜的","周杰伦","我很忙","","","甜甜的","周杰伦","qq_only",""
"","102349878","Go Time","Mark Petrie","Go Time","","","Go Time","Mark Petrie","qq_only",""
"","102367085","不将就","李荣浩","有理想","","","不将就","李荣浩","qq_only",""
"","102386452","なきむし。","沢井美空","なきむし。","","","なきむし。","沢井美空","qq_only",""
"","102387924","眉间雪","晴愔","","","","眉间雪","晴愔","qq_only",""
"","102415346","她说","林俊杰","她说 概念自选辑","","","她说","林俊杰","qq_only",""
"","102422728","宣","五色石南叶","珠联璧合","","","宣","五色石南叶","qq_only",""
"","102425546","绅士","薛之谦","绅士","","","绅士","薛之谦","qq_only",""
"","102426717","明日はきっといい日になる","高桥优","明日はきっといい日になる","","","明日はきっといい日になる","高桥优","qq_only",""
"","102433800","玫瑰花的葬礼","许嵩","许嵩早期单曲集","","","玫瑰花的葬礼","许嵩","qq_only",""
"","102440954","What About Now","Westlife","The Lovesongs","","","What About Now","Westlife","qq_only",""
"","102627227","Brave Shine","Aimer","Brave Shine (期間生産限定アニメ盤)","","","Brave Shine","Aimer","qq_only",""
"","102636799","演员","薛之谦","绅士","","","演员","薛之谦","qq_only",""
"","102656421","黒点","高梨康治","NARUTO-ナルト- 疾風伝 オリジナル・サウンドトラック Ⅱ","","","黒点","高梨康治","qq_only",""
"","102683480","騎士王の誇り","川井宪次","Fate/Stay night A.OST","","","騎士王の誇り","川井宪次","qq_only",""
"","102689657","残酷な天使のテーゼ","高橋洋子","〜refrain〜","","","残酷な天使のテーゼ","高橋洋子","qq_only",""
"","102692","瓦解","南拳妈妈","南拳妈妈的夏天","","","瓦解","南拳妈妈","qq_only",""
"","102795182","残酷な天使のテーゼ","高橋洋子","残酷な天使のテーゼ / FLY ME TO THE MOON","","","残酷な天使のテーゼ","高橋洋子","qq_only",""
"","102947644","おかえり","高桥优","高橋優 BEST 2009-2015 『笑う約束』","","","おかえり","高桥优","qq_only",""
"","103061880","Five Hundred Miles","Justin Timberlake","Inside Llewyn Davis: Original Soundtrack Recording","","","Five Hundred Miles","Justin Timberlake","qq_only",""
"","103107275","地球ぎ","石橋優子","聖闘士星矢 冥王ハーデス編 スペシャルアルバム","","","地球ぎ","石橋優子","qq_only",""
"","103107720","ペガサス幻想","MAKE-UP","聖闘士星矢","","","ペガサス幻想","MAKE-UP","qq_only",""
"","103169878","Clear Mind","遠藤正明","遊☆戯☆王5D's ヴォーカルベスト","","","Clear Mind","遠藤正明","qq_only",""
"","103178866","Butter-Fly","和田光司","デジモンアドベンチャー・シングルヒットパレード","","","Butter-Fly","和田光司","qq_only",""
"","103519","退让","阿杜","哈啰","","","退让","阿杜","qq_only",""
"","104136939","勝利は目の前!","増田順一","ニンテンドーDS ポケモンブラック2・ホワイト2 スーパーミュージックコンプリート","","","勝利は目の前!","増田順一","qq_only",""
"","104674830","小孩","薛之谦","一半","","","小孩","薛之谦","qq_only",""
"","104792679","一半","薛之谦","一半","","","一半","薛之谦","qq_only",""
"","104797933","半道英雄","小葵","","","","半道英雄","小葵","qq_only",""
"","104838718","小幸运","田馥甄","我的少女时代 电影原声带","","","小幸运","田馥甄","qq_only",""
"","104868274","砂塵の彼方へ…","Revo","Dream Port","","","砂塵の彼方へ…","Revo","qq_only",""
"","104879154","流れ星","塩ノ谷早耶香","S with","","","流れ星","塩ノ谷早耶香","qq_only",""
"","104913384","来自天堂的魔鬼","G.E.M. 邓紫棋","新的心跳","","","来自天堂的魔鬼","G.E.M. 邓紫棋","qq_only",""
"","105029937","我知道你都知道","薛之谦","几个薛之谦","","","我知道你都知道","薛之谦","qq_only",""
"","105030812","Faded","Alan Walker","Faded","","","Faded","Alan Walker","qq_only",""
"","105163193","美しきもの","Sound Horizon","Roman","","","美しきもの","Sound Horizon","qq_only",""
"","105163752","爱笑的眼睛","林俊杰","她说 概念自选辑","","","爱笑的眼睛","林俊杰","qq_only",""
"","105388642","醉赤壁","林俊杰","JJ陆","","","醉赤壁","林俊杰","qq_only",""
"","105388644","第几个100天","林俊杰","100天","","","第几个100天","林俊杰","qq_only",""
"","105393420","关键词","林俊杰","和自己对话 From M.E. To Myself","","","关键词","林俊杰","qq_only",""
"","105484314","恋愛サーキュレーション","花澤香菜","歌物語-〈物語〉シリーズ主題歌集-","","","恋愛サーキュレーション","花澤香菜","qq_only",""
"","105503773","无敌","邓超","无敌","","","无敌","邓超","qq_only",""
"","105519195","山外小楼夜听雨","任然","从小到大","","","山外小楼夜听雨","任然","qq_only",""
"","105578699","Floating Heart","内田彩","Sweet Tears","","","Floating Heart","内田彩","qq_only",""
"","105605711","爱不会绝迹","林俊杰","恐龙宝贝之龙神勇士 动漫原声带","","","爱不会绝迹","林俊杰","qq_only",""
"","105648974","梦回还","呦猫UNEKO","狐妖小红娘 动画原声带","","","梦回还","呦猫UNEKO","qq_only",""
"","1056505","第二人生","五月天","第二人生（末日版）","","","第二人生","五月天","qq_only",""
"","1056520","诺亚方舟","五月天","第二人生（明日版）","","","诺亚方舟","五月天","qq_only",""
"","105671604","さくらのうた","高桥优","さくらのうた","","","さくらのうた","高桥优","qq_only",""
"","105671607","メガネが割れそう","高桥优","さくらのうた","","","メガネが割れそう","高桥优","qq_only",""
"","105709183","明月天涯","五音Jw","聆音","","","明月天涯","五音Jw","qq_only",""
"","1058016","BRAVING!","KANAN","BRAVING!","","","BRAVING!","KANAN","qq_only",""
"","105805425","黑暗童话","Anti-General","Mavericks Volume 1","","","黑暗童话","Anti-General","qq_only",""
"","105905349","花田错","王力宏","盖世英雄","","","花田错","王力宏","qq_only",""
"","105905408","心中的日月","王力宏","心中的日月","","","心中的日月","王力宏","qq_only",""
"","106034300","雅俗共赏","许嵩","青年晚报","","","雅俗共赏","许嵩","qq_only",""
"","106164","放生","范逸臣 Van Fan","不说出的温柔","","","放生","范逸臣 Van Fan","qq_only",""
"","106270440","光るなら","Goose house","J-アニソン神曲祭り-パレード- [DJ和 in No.1胸熱MIX]","","","光るなら","Goose house","qq_only",""
"","106381715","初学者","薛之谦","初学者","","","初学者","薛之谦","qq_only",""
"","106676550","退后","周杰伦","K情歌 6","","","退后","周杰伦","qq_only",""
"","106691228","处处吻","杨千嬅","电光幻影","","","处处吻","杨千嬅","qq_only",""
"","106698217","三国恋","Tank","2006 MP3人气超强总冠军","","","三国恋","Tank","qq_only",""
"","1067128","老男孩","筷子兄弟","父亲","","","老男孩","筷子兄弟","qq_only",""
"","106950182","Go! Go! Maniac","放課後ティータイム","Go! Go! Maniac (From ""K-ON!!)","","","Go! Go! Maniac","放課後ティータイム","qq_only",""
"","107192538","刚刚好","薛之谦","初学者","","","刚刚好","薛之谦","qq_only",""
"","107299139","サングラス/メガネツインズ","高桥优","産まれた理由","","","サングラス/メガネツインズ","高桥优","qq_only",""
"","107346918","swordland","梶浦由记","ソードアート・オンライン Original Soundtrack vol.1","","","swordland","梶浦由记","qq_only",""
"","107439472","我好像在哪见过你","薛之谦","初学者","","","我好像在哪见过你","薛之谦","qq_only",""
"","107659694","愛してる","高铃","夏目友人帳 主題歌集","","","愛してる","高铃","qq_only",""
"","107726178","少年他的奇幻漂流","五月天","自传","","","少年他的奇幻漂流","五月天","qq_only",""
"","107726179","顽固","五月天","自传","","","顽固","五月天","qq_only",""
"","107726181","终于结束的起点","五月天","自传","","","终于结束的起点","五月天","qq_only",""
"","107726201","成名在望","五月天","自传","","","成名在望","五月天","qq_only",""
"","107762013","前前前世","RADWIMPS","君の名は。","","","前前前世","RADWIMPS","qq_only",""
"","107762070","小半","陈粒","小梦大半","","","小半","陈粒","qq_only",""
"","107885500","不老梦","银临","不老梦","","","不老梦","银临","qq_only",""
"","107932796","光の破片","高桥优","光の破片","","","光の破片","高桥优","qq_only",""
"","107932907","視力検査","高桥优","光の破片","","","視力検査","高桥优","qq_only",""
"","108166948","カタオモイ","Aimer","デイドリーム","","","カタオモイ","Aimer","qq_only",""
"","108174561","かくしん的☆めたまるふぉ～ぜっ！","田中あいみ","｢干物妹! うまるちゃん｣ベストアルバム~UMARU THE BEST~","","","かくしん的☆めたまるふぉ～ぜっ！","田中あいみ","qq_only",""
"","108657069","Entorevolution","Bernis","NEGA FRAGMENTS","","","Entorevolution","Bernis","qq_only",""
"","108668880","LOSER","米津玄師","LOSER / ナンバーナイン","","","LOSER","米津玄師","qq_only",""
"","109000653","象","高桥优","来し方行く末","","","象","高桥优","qq_only",""
"","109005773","That Girl","Olly Murs","24 HRS (Deluxe)","","","That Girl","Olly Murs","qq_only",""
"","109188916","ひまわりの約束","秦基博","秦 基博と映画主題歌","","","ひまわりの約束","秦基博","qq_only",""
"","109581624","帮主夫人","少年霜","","","","帮主夫人","少年霜","qq_only",""
"","110054424","Monster","Starset","Vessels","","","Monster","Starset","qq_only",""
"","1114944","HITO-TO-HITO","高桥优","卒業","","","HITO-TO-HITO","高桥优","qq_only",""
"","1126446","刀剑如梦","周华健","风雨无阻","","","刀剑如梦","周华健","qq_only",""
"","1129073","纯真","五月天","人生海海","","","纯真","五月天","qq_only",""
"","1149113","Lullaby","Christian Henson","Triangle (Original Motion Picture Soundtrack) [feat. Dot Allison]","","","Lullaby","Christian Henson","qq_only",""
"","121561685","山海志异","橙翼 / 帝听 / 情桑","","","","山海志异","橙翼 / 帝听 / 情桑","qq_only",""
"","1249546","裙下之臣","陈奕迅","What's Going On...? (Remastered 2019)","","","裙下之臣","陈奕迅","qq_only",""
"","1249550","富士山下","陈奕迅","What's Going On...? (Remastered 2019)","","","富士山下","陈奕迅","qq_only",""
"","1251166","浮夸","陈奕迅","U 87","","","浮夸","陈奕迅","qq_only",""
"","127511778","Renegade","塞壬唱片-MSR","Renegade","","","Renegade","塞壬唱片-MSR","qq_only",""
"","127552825","秋绪","塞壬唱片-MSR","秋绪","","","秋绪","塞壬唱片-MSR","qq_only",""
"","1313990","红玫瑰","陈奕迅","认了吧","","","红玫瑰","陈奕迅","qq_only",""
"","1333039","站在你这边","潘玮柏","壁虎漫步","","","站在你这边","潘玮柏","qq_only",""
"","1338416","落花流水","陈奕迅","Life Continues","","","落花流水","陈奕迅","qq_only",""
"","13413","说爱你","蔡依林","看我72变","","","说爱你","蔡依林","qq_only",""
"","13415","骑士精神","蔡依林","看我72变","","","骑士精神","蔡依林","qq_only",""
"","1364271","Two of Us","mini","エレクトハーコーバンバンピカソ","","","Two of Us","mini","qq_only",""
"","138190","白色羽毛","芮恩","Ruien","","","白色羽毛","芮恩","qq_only",""
"","1391967","幻城","许嵩","许嵩早期单曲集","","","幻城","许嵩","qq_only",""
"","140265","祝我生日快乐","温岚","温式效应","","","祝我生日快乐","温岚","qq_only",""
"","1411906","心的距离","陈奕迅","上五楼的快活","","","心的距离","陈奕迅","qq_only",""
"","1436289","irony","ClariS","irony","","","irony","ClariS","qq_only",""
"","1436539","コネクト","ClariS","コネクト(アニメ盤)","","","コネクト","ClariS","qq_only",""
"","1454971","世界が終るまでは…","WANDS","WANDS BEST ～HISTORICAL BEST ALBUM～","","","世界が終るまでは…","WANDS","qq_only",""
"","14573","打开爱","王力宏","不可能错过你","","","打开爱","王力宏","qq_only",""
"","1475371","花は桜 君は美し","生物股长","花は桜 君は美し","","","花は桜 君は美し","生物股长","qq_only",""
"","1476347","纵横江湖","彝人制造","侠客行 电视剧原声带","","","纵横江湖","彝人制造","qq_only",""
"","1492874","βios","澤野弘之","ギルティクラウン オリジナルサウンドトラック","","","βios","澤野弘之","qq_only",""
"","1494222","万有引力","汪苏泷","万有引力","","","万有引力","汪苏泷","qq_only",""
"","1523834","盛夏光年","五月天 阿信","盛夏光年电影主题曲概念专辑","","","盛夏光年","五月天 阿信","qq_only",""
"","1531817","幻听","许嵩","梦游计","","","幻听","许嵩","qq_only",""
"","1570154","Jyurokusai","高桥优","Bokura no Heisei Rock'n Roll","","","Jyurokusai","高桥优","qq_only",""
"","162300","花香","周传雄","我在身边","","","花香","周传雄","qq_only",""
"","1626130","Young For You","GALA","Young For You","","","Young For You","GALA","qq_only",""
"","1647643","风起天阑","河图","风起天阑","","","风起天阑","河图","qq_only",""
"","1647645","第三十八年夏至","河图","风起天阑","","","第三十八年夏至","河图","qq_only",""
"","1649946","着魔","张杰","着魔","","","着魔","张杰","qq_only",""
"","165121","霍元甲","周杰伦","霍元甲","","","霍元甲","周杰伦","qq_only",""
"","165122","献世","周杰伦","霍元甲","","","献世","周杰伦","qq_only",""
"","1652151","ワールドイズマイン","ryo","","","","ワールドイズマイン","ryo","qq_only",""
"","1661080","Credens justitiam","梶浦由记","魔法少女まどか☆マギカ オリジナルサウンドトラックVol.1","","","Credens justitiam","梶浦由记","qq_only",""
"","166614","千年泪","Tank","Fighting！生存之道","","","千年泪","Tank","qq_only",""
"","1722281","HesitationSnow","fripSide","はつゆきさくら COMPLETE SOUNDTRACK","","","HesitationSnow","fripSide","qq_only",""
"","1731799","crossing field","LiSA","Crossing field","","","crossing field","LiSA","qq_only",""
"","1743659","恋人を射ち堕とした日","Sound Horizon","Lost","","","恋人を射ち堕とした日","Sound Horizon","qq_only",""
"","1746577","月半弯","陈坤","渗透","","","月半弯","陈坤","qq_only",""
"","1752099","陽はまた昇る","高桥优","陽はまた昇る","","","陽はまた昇る","高桥优","qq_only",""
"","1752138","優しさの理由","ChouCho","flyleaf","","","優しさの理由","ChouCho","qq_only",""
"","1762530","星屑ビーナス","Aimer","あなたに出会わなければ~夏雪冬花~/星屑ビーナス(期間生産限定アニメ盤)","","","星屑ビーナス","Aimer","qq_only",""
"","1803595","Slapstick","光宗信吉","蔷薇少女原声集[Original.SoundTrack]","","","Slapstick","光宗信吉","qq_only",""
"","180541","专属天使","Tank","花样少年少女 电视剧原声带","","","专属天使","Tank","qq_only",""
"","1806384","RAINBOW GIRL","歌ってみた","","","","RAINBOW GIRL","歌ってみた","qq_only",""
"","182037","天使","五月天","为爱而生","","","天使","五月天","qq_only",""
"","1824721","星の在り処","う～み","The Legend of Heroes Sora no Kiseki Original Sound Track","","","星の在り処","う～み","qq_only",""
"","1826852","Battle of Rose","光宗信吉","TVアニメ「ローゼンメイデン」オリジナルサウンドトラック","","","Battle of Rose","光宗信吉","qq_only",""
"","1828376","光芒","川田麻美","灼眼のシャナF SUPERIORITY SHANAIII vol.3","","","光芒","川田麻美","qq_only",""
"","182969","非你莫属","Tank","延长比赛","","","非你莫属","Tank","qq_only",""
"","1843621","一丝不挂","陈奕迅","Time Flies","","","一丝不挂","陈奕迅","qq_only",""
"","185023","Don't Say It's Too Late","Westlife","World of Our Own (Expanded Edition)","","","Don't Say It's Too Late","Westlife","qq_only",""
"","1854706","Justice","TVサントラ","真月譚 月姫 オリジナルサウンドトラック1","","","Justice","TVサントラ","qq_only",""
"","1855340","Emiya","川井宪次","Fate/Stay night A.OST","","","Emiya","川井宪次","qq_only",""
"","1865614","Etude pour les petites","户越Magome","CLANNAD Original Soundtrack","","","Etude pour les petites","户越Magome","qq_only",""
"","1865619","存在","户越Magome","CLANNAD Original Soundtrack","","","存在","户越Magome","qq_only",""
"","1865621","彼女の本気","户越Magome","CLANNAD Original Soundtrack","","","彼女の本気","户越Magome","qq_only",""
"","1865625","東風","折户伸治","CLANNAD Original Soundtrack","","","東風","折户伸治","qq_only",""
"","1865631","町, 時の流れ, 人","折戸伸治","CLANNAD Original Soundtrack","","","町, 時の流れ, 人","折戸伸治","qq_only",""
"","1865632","資料室のお茶会","折户伸治","CLANNAD Original Soundtrack","","","資料室のお茶会","折户伸治","qq_only",""
"","1865639","小さなてのひら","riya","CLANNAD Original Soundtrack","","","小さなてのひら","riya","qq_only",""
"","1865641","潮鳴り","折户伸治","CLANNAD Original Soundtrack","","","潮鳴り","折户伸治","qq_only",""
"","1865642","潮鳴りⅡ","折户伸治","CLANNAD Original Soundtrack","","","潮鳴りⅡ","折户伸治","qq_only",""
"","1865650","－影二つ－","riya","CLANNAD Original Soundtrack","","","－影二つ－","riya","qq_only",""
"","1876534","封印解除","根岸貴幸","カードキャプターさくら ― オリジナル・サウンドトラック 2","","","封印解除","根岸貴幸","qq_only",""
"","1958819","Silver Scrapes","Danny McCarthy","","","","Silver Scrapes","Danny McCarthy","qq_only",""
"","200255722","光年之外","G.E.M. 邓紫棋","光年之外","","","光年之外","G.E.M. 邓紫棋","qq_only",""
"","200397365","三生三世","张杰","三生三世十里桃花 电视剧原声专辑","","","三生三世","张杰","qq_only",""
"","200519549","红昭愿","音阙诗听","诗","","","红昭愿","音阙诗听","qq_only",""
"","200520421","被成全","苏琛","被成全","","","被成全","苏琛","qq_only",""
"","200520506","TAKE ME HIGHER","V6","ウルトラマンシリーズ放送開始50年 ウルトラマン主題歌大全集 1966-2016","","","TAKE ME HIGHER","V6","qq_only",""
"","200732335","Shape of You","Ed Sheeran","÷ (Deluxe)","","","Shape of You","Ed Sheeran","qq_only",""
"","200901270","人理の光","芳賀敬太","Fate/Grand Order Original Soundtrack Ⅰ","","","人理の光","芳賀敬太","qq_only",""
"","200901277","運命 ～GRAND BATTLE～","芳賀敬太","Fate/Grand Order Original Soundtrack Ⅰ","","","運命 ～GRAND BATTLE～","芳賀敬太","qq_only",""
"","200901279","賑やかな旅路","芳賀敬太","Fate/Grand Order Original Soundtrack Ⅰ","","","賑やかな旅路","芳賀敬太","qq_only",""
"","200901280","不屈の覚悟","芳賀敬太","Fate/Grand Order Original Soundtrack Ⅰ","","","不屈の覚悟","芳賀敬太","qq_only",""
"","200901298","獅子の玉座","芳賀敬太","Fate/Grand Order Original Soundtrack Ⅰ","","","獅子の玉座","芳賀敬太","qq_only",""
"","200901318","outbreak ～FGO～","芳賀敬太","Fate/Grand Order Original Soundtrack Ⅰ","","","outbreak ～FGO～","芳賀敬太","qq_only",""
"","200901320","色彩 ～雪花の盾～","Fate/Grand Order","Fate/Grand Order Original Soundtrack Ⅰ","","","色彩 ～雪花の盾～","Fate/Grand Order","qq_only",""
"","200901321","色彩 ～訣別の時来たれり～","Fate/Grand Order","Fate/Grand Order Original Soundtrack Ⅰ","","","色彩 ～訣別の時来たれり～","Fate/Grand Order","qq_only",""
"","201241998","美葉院 秀一 ～アイアムビヨウイン","岩垂徳行","逆転裁判5 オリジナル・サウンドトラック","","","美葉院 秀一 ～アイアムビヨウイン","岩垂徳行","qq_only",""
"","201242027","運命のイリーガル","岩垂徳行","逆転裁判5 オリジナル・サウンドトラック","","","運命のイリーガル","岩垂徳行","qq_only",""
"","201479732","The Carol of the Old Ones","H. P. Lovecraft Historical Society","A Very Scary Solstice","","","The Carol of the Old Ones","H. P. Lovecraft Historical Society","qq_only",""
"","201845690","眉间雪","晴愔","","","","眉间雪","晴愔","qq_only",""
"","202085510","LAST STARDUST","Aimer","BEST SELECTION ""noir""","","","LAST STARDUST","Aimer","qq_only",""
"","202139798","ずっと…","花澤香菜","～俺の妹がこんなに可愛いわけがない。Complete Collection+～俺妹。コンプ+!","","","ずっと…","花澤香菜","qq_only",""
"","202220098","初恋","东山奈央","イマココ/月がきれい (アニメ盤)","","","初恋","东山奈央","qq_only",""
"","202220099","月がきれい","东山奈央","イマココ/月がきれい (アニメ盤)","","","月がきれい","东山奈央","qq_only",""
"","202221028","イマココ","东山奈央","イマココ / 月がきれい","","","イマココ","东山奈央","qq_only",""
"","202550561","永不失联的爱","Eric周兴哲","如果雨之后","","","永不失联的爱","Eric周兴哲","qq_only",""
"","202553248","桃花诺","G.E.M. 邓紫棋","上古情歌 电视剧原声带","","","桃花诺","G.E.M. 邓紫棋","qq_only",""
"","202689328","不见有情","河图","不见有情","","","不见有情","河图","qq_only",""
"","202812249","THERE IS A REASON","铃木木乃美","「ノーゲーム・ノーライフ」コンプリートソングス「NO SONG NO LIFE」","","","THERE IS A REASON","铃木木乃美","qq_only",""
"","2033910","练习","刘德华","练习","","","练习","刘德华","qq_only",""
"","203452608","Белая кошка","Мельница","Зов крови","","","Белая кошка","Мельница","qq_only",""
"","203498717","不谓侠","萧忆情Alex","萧音弥漫","","","不谓侠","萧忆情Alex","qq_only",""
"","203514080","Warriors","Imagine Dragons","Warriors","","","Warriors","Imagine Dragons","qq_only",""
"","203662365","さがしもの","Humbert Humbert","おかえりなさい","","","さがしもの","Humbert Humbert","qq_only",""
"","203723776","Sugar","Maroon 5","Sugar","","","Sugar","Maroon 5","qq_only",""
"","203861946","Legends Never Die 传奇永不熄","英雄联盟","Legends Never Die","","","Legends Never Die 传奇永不熄","英雄联盟","qq_only",""
"","204177261","you are my king","梶浦由记","Fate/Zero Original Soundtrack","","","you are my king","梶浦由记","qq_only",""
"","204326896","花の唄","Aimer","ONE / 花の唄 / 六等星の夜 Magic Blue ver.","","","花の唄","Aimer","qq_only",""
"","204524531","一刀繚乱","六花","一刀繚乱","","","一刀繚乱","六花","qq_only",""
"","211748007","ウルトラの奇跡","Project DMM","ウルトラマンマックス SONG COLLECTION","","","ウルトラの奇跡","Project DMM","qq_only",""
"","212013053","清廉なるHeretics","DracoVirgo","清廉なるHeretics","","","清廉なるHeretics","DracoVirgo","qq_only",""
"","212414376","エウテルペ","EGOIST","Greatest Hits 2011-2017 Alter Ego","","","エウテルペ","EGOIST","qq_only",""
"","212656958","黑夜问白天","林俊杰","黑夜问白天","","","黑夜问白天","林俊杰","qq_only",""
"","212877015","最美的期待","周笔畅","最美的期待","","","最美的期待","周笔畅","qq_only",""
"","213016722","逆光","坂本真綾","逆光","","","逆光","坂本真綾","qq_only",""
"","213079190","不染","毛不易","香蜜沉沉烬如霜 电视原声音乐专辑","","","不染","毛不易","qq_only",""
"","213086592","Lemon","米津玄師","レモン","","","Lemon","米津玄師","qq_only",""
"","213224236","牧马城市","毛不易","老男孩 电视剧原声带","","","牧马城市","毛不易","qq_only",""
"","213446265","Lose Your Way","Fate/Grand Order","Fate/Grand Order Original Soundtrack Ⅱ","","","Lose Your Way","Fate/Grand Order","qq_only",""
"","213446273","Indelible illusion","Fate/Grand Order","Fate/Grand Order Original Soundtrack Ⅱ","","","Indelible illusion","Fate/Grand Order","qq_only",""
"","213876746","The Imperial March (Darth Vader's Theme)","John Williams","Star Wars: The Empire Strikes Back (Original Motion Picture Soundtrack)","","","The Imperial March (Darth Vader's Theme)","John Williams","qq_only",""
"","214003654","浪人琵琶","胡66","浪人琵琶","","","浪人琵琶","胡66","qq_only",""
"","214043333","可能否","木小雅","可能否（新版）","","","可能否","木小雅","qq_only",""
"","214119930","二者穿一","六花","二者穿一","","","二者穿一","六花","qq_only",""
"","214172912","只要平凡","张杰","只要平凡","","","只要平凡","张杰","qq_only",""
"","214789151","Riverside","Agnes Obel","Riverside","","","Riverside","Agnes Obel","qq_only",""
"","215051396","色彩","坂本真綾","逆光","","","色彩","坂本真綾","qq_only",""
"","215226172","春夏秋冬","sumika","ファンファーレ / 春夏秋冬","","","春夏秋冬","sumika","qq_only",""
"","215400896","盗墓笔记·十年人间","李常超（Lao乾妈）","盗墓笔记·十年人间","","","盗墓笔记·十年人间","李常超（Lao乾妈）","qq_only",""
"","216478392","紅蓮の弓矢","Linked Horizon","紅蓮の弓矢(TVサイズver.)","","","紅蓮の弓矢","Linked Horizon","qq_only",""
"","2166066","Viva La Vida","Coldplay","Viva La Vida or Death and All His Friends","","","Viva La Vida","Coldplay","qq_only",""
"","217428815","陈冠希 - 战争","DJ Felix","战争Remix","","","陈冠希 - 战争","DJ Felix","qq_only",""
"","217506962","Monster","Starset","Vessels 2.0","","","Monster","Starset","qq_only",""
"","217511802","RISE","The Glitch Mob","2018全球总决赛","","","RISE","The Glitch Mob","qq_only",""
"","217598434","赤伶","HITA","赤伶","","","赤伶","HITA","qq_only",""
"","217935874","不可思議のカルテ","瀬戸麻沙美","【青春ブタ野郎はバニーガール先輩の夢を見ない】不可思議のカルテ","","","不可思議のカルテ","瀬戸麻沙美","qq_only",""
"","218507265","Brüder im Herzen","Santiano","Haithabu - Im Auge des Sturms","","","Brüder im Herzen","Santiano","qq_only",""
"","218509453","星屑ビーナス","Aimer","あなたに出会わなければ～夏雪冬花～ / 星屑ビーナス","","","星屑ビーナス","Aimer","qq_only",""
"","218764498","伴宅日记","千月兔","伴宅日记","","","伴宅日记","千月兔","qq_only",""
"","219081734","Ref:rain","Aimer","リフレイン","","","Ref:rain","Aimer","qq_only",""
"","219123790","Natural","Imagine Dragons","Origins (Deluxe)","","","Natural","Imagine Dragons","qq_only",""
"","219154920","Rage your dream","m.o.v.e","頭文字D Final Best Collection","","","Rage your dream","m.o.v.e","qq_only",""
"","221214293","Something In The Way","Nirvana","Nevermind (Remastered) [Explicit]","","","Something In The Way","Nirvana","qq_only",""
"","221695451","绝代风华","许嵩","绝代风华","","","绝代风华","许嵩","qq_only",""
"","2244095","Scarborough Fair","Sarah Brightman","La Luna","","","Scarborough Fair","Sarah Brightman","qq_only",""
"","226804371","花びらたちのマーチ","Aimer","I beg you / 花びらたちのマーチ / Sailing","","","花びらたちのマーチ","Aimer","qq_only",""
"","227829393","一半人生","五月天 阿信","一半人生","","","一半人生","五月天 阿信","qq_only",""
"","228283602","カワキヲアメク","美波","カワキヲアメク","","","カワキヲアメク","美波","qq_only",""
"","229110452","Johnny Boy","Santiano","Von Liebe, Tod und Freiheit","","","Johnny Boy","Santiano","qq_only",""
"","229256745","一剑天涯","萧忆情Alex","一剑天涯","","","一剑天涯","萧忆情Alex","qq_only",""
"","229387533","山河图","凤凰传奇","山河图","","","山河图","凤凰传奇","qq_only",""
"","229524726","冠世一战","言和","冠世一战","","","冠世一战","言和","qq_only",""
"","229660624","Counting Stars","OneRepublic","Native","","","Counting Stars","OneRepublic","qq_only",""
"","230397538","秘密","sumika","Chime","","","秘密","sumika","qq_only",""
"","230488374","说书人","暗杠","说书人","","","说书人","暗杠","qq_only",""
"","231011737","Fighter","KANA-BOON","Fighter","","","Fighter","KANA-BOON","qq_only",""
"","232222090","50 Ways to Say Goodbye","Train","California 37","","","50 Ways to Say Goodbye","Train","qq_only",""
"","232265327","Thest","KOCHO","Fate/Grand Order Original Soundtrack III","","","Thest","KOCHO","qq_only",""
"","232265771","この惑星で、ただ一つだけ","saya","Fate/Grand Order Original Soundtrack III","","","この惑星で、ただ一つだけ","saya","qq_only",""
"","232265773","二者穿一","六花","Fate/Grand Order Original Soundtrack III","","","二者穿一","六花","qq_only",""
"","232353775","Runnin'","Adam Lambert","Trespassing (Deluxe Version) [Explicit]","","","Runnin'","Adam Lambert","qq_only",""
"","232362004","Pretender","Official髭男dism","Pretender","","","Pretender","Official髭男dism","qq_only",""
"","233024132","空は高く風は歌う","春奈るな","空は高く風は歌う","","","空は高く風は歌う","春奈るな","qq_only",""
"","233457925","深淵のデカダンス","岡田梨央","深淵のデカダンス","","","深淵のデカダンス","岡田梨央","qq_only",""
"","233555","Lydia","F.I.R.飞儿乐团","飞儿乐团","","","Lydia","F.I.R.飞儿乐团","qq_only",""
"","233698966","壁上观","一棵小葱","壁上观","","","壁上观","一棵小葱","qq_only",""
"","234167205","参全世界","乃藍","参全世界","","","参全世界","乃藍","qq_only",""
"","234249497","courage","戸松遥","Courage","","","courage","戸松遥","qq_only",""
"","234630015","雲雀","ASCA","RUST / 雲雀 / 光芒","","","雲雀","ASCA","qq_only",""
"","235883438","玫瑰少年","五月天","玫瑰少年","","","玫瑰少年","五月天","qq_only",""
"","236020925","竈門炭治郎のうた","椎名豪","竈門炭治郎のうた","","","竈門炭治郎のうた","椎名豪","qq_only",""
"","236025556","Daisy","Aimer","Torches","","","Daisy","Aimer","qq_only",""
"","236025558","Torches","Aimer","Torches","","","Torches","Aimer","qq_only",""
"","236114794","月满清爵","李蚊香","月满清爵","","","月满清爵","李蚊香","qq_only",""
"","236541376","Teeth","5 Seconds Of Summer","Teeth","","","Teeth","5 Seconds Of Summer","qq_only",""
"","236898229","Zero Eclipse","澤野弘之","「進撃の巨人」Season3 オリジナル・サウンドトラック","","","Zero Eclipse","澤野弘之","qq_only",""
"","237134","天高地厚","信乐团","One Night@火星演唱会","","","天高地厚","信乐团","qq_only",""
"","237388706","雲雀","ASCA","RUST / 雲雀 / 光芒","","","雲雀","ASCA","qq_only",""
"","237769590","STAND-ALONE","Aimer","STAND-ALONE","","","STAND-ALONE","Aimer","qq_only",""
"","237773700","说好不哭 (with 五月天阿信)","周杰伦","说好不哭（with 五月天阿信）","","","说好不哭 (with 五月天阿信)","周杰伦","qq_only",""
"","240359204","Phantom Joke","UNISON SQUARE GARDEN","Phantom Joke(初回限定盤)","","","Phantom Joke","UNISON SQUARE GARDEN","qq_only",""
"","240460430","Wings (feat. Casey Lee Williams)","Jeff Williams","RWBY, Vol. 1 (Music from the Rooster Teeth Series)","","","Wings (feat. Casey Lee Williams)","Jeff Williams","qq_only",""
"","240711173","雪の雫","高桥优","","","","雪の雫","高桥优","qq_only",""
"","241180430","HesitationSnow","fripSide","はつゆきさくら 予約特典 スペシャルサウンドトラック","","","HesitationSnow","fripSide","qq_only",""
"","242254267","悬溺","葛东琪","第二街区","","","悬溺","葛东琪","qq_only",""
"","2447473","アムリタ","牧野由依","「劇場版 ツバサ・クロニクル　鳥カゴの国の姫君」主題歌　アムリタ","","","アムリタ","牧野由依","qq_only",""
"","245584372","英雄","doa","英雄","","","英雄","doa","qq_only",""
"","2456365","No pain, No game","ナノ","No pain, No game <ナノver.>","","","No pain, No game","ナノ","qq_only",""
"","2457676","凤凰劫","河图","河图精选","","","凤凰劫","河图","qq_only",""
"","2458612","秋桜","柴田淳","COVER 70's","","","秋桜","柴田淳","qq_only",""
"","246285431","колыбельная (Kolybel'naja)","Rauf & Faik","колыбельная (Kolybel'naja)","","","колыбельная (Kolybel'naja)","Rauf & Faik","qq_only",""
"","246492240","麻雀","李荣浩","麻雀","","","麻雀","李荣浩","qq_only",""
"","247261229","我是如此相信","周杰伦","我是如此相信","","","我是如此相信","周杰伦","qq_only",""
"","247294300","夜に駆ける","YOASOBI","夜に駆ける","","","夜に駆ける","YOASOBI","qq_only",""
"","247347346","句号","G.E.M. 邓紫棋","摩天动物园","","","句号","G.E.M. 邓紫棋","qq_only",""
"","247511374","春夏秋冬","sumika","ファンファーレ / 春夏秋冬","","","春夏秋冬","sumika","qq_only",""
"","2478002","想太多","李玖哲","想太多","","","想太多","李玖哲","qq_only",""
"","250911746","紅蓮華","LiSA","紅蓮華","","","紅蓮華","LiSA","qq_only",""
"","252566356","あの夢をなぞって","YOASOBI","あの夢をなぞって","","","あの夢をなぞって","YOASOBI","qq_only",""
"","253335451","Prover","milet","Prover / Tell me","","","Prover","milet","qq_only",""
"","253335452","Tell me","milet","Prover / Tell me","","","Tell me","milet","qq_only",""
"","253402959","Speed of Light","塞壬唱片-MSR","Speed of Light","","","Speed of Light","塞壬唱片-MSR","qq_only",""
"","255394586","marie","Aimer","春はゆく / marie","","","marie","Aimer","qq_only",""
"","255394588","春はゆく","Aimer","春はゆく / marie","","","春はゆく","Aimer","qq_only",""
"","257954570","翼をください","樱高轻音部","ふわふわ時間","","","翼をください","樱高轻音部","qq_only",""
"","259379","黄昏","周传雄","爱情保鲜盒","","","黄昏","周传雄","qq_only",""
"","261126356","ハルジオン","YOASOBI","ハルジオン","","","ハルジオン","YOASOBI","qq_only",""
"","261268884","万有引力","汪苏泷","汪苏泷原创合集","","","万有引力","汪苏泷","qq_only",""
"","262151434","Désir","ina喵","Désir","","","Désir","ina喵","qq_only",""
"","2634923","天机","MP魔幻力量","射手","","","天机","MP魔幻力量","qq_only",""
"","2635393","銀色飛行船","supercell","銀色飛行船","","","銀色飛行船","supercell","qq_only",""
"","263960620","Tell me","milet","eyes","","","Tell me","milet","qq_only",""
"","263960623","Drown","milet","eyes","","","Drown","milet","qq_only",""
"","263960625","Prover","milet","eyes","","","Prover","milet","qq_only",""
"","268686156","漠河舞厅","柳爽","1st.星球","","","漠河舞厅","柳爽","qq_only",""
"","268882784","Untitled world","ReoNa","Untitled world","","","Untitled world","ReoNa","qq_only",""
"","270100094","たぶん","YOASOBI","たぶん","","","たぶん","YOASOBI","qq_only",""
"","272291133","CLEAR","坂本真綾","シングルコレクション+ アチコチ","","","CLEAR","坂本真綾","qq_only",""
"","273032704","天下","张杰","听！我们的歌","","","天下","张杰","qq_only",""
"","273465228","化身孤岛的鲸","周深","化身孤岛的鲸","","","化身孤岛的鲸","周深","qq_only",""
"","275094701","群青","YOASOBI","群青","","","群青","YOASOBI","qq_only",""
"","276185374","人间惊鸿客","叶里","人间惊鸿客","","","人间惊鸿客","叶里","qq_only",""
"","276530832","寸缕","河图","寸缕","","","寸缕","河图","qq_only",""
"","277438634","交换余生","林俊杰","交换余生","","","交换余生","林俊杰","qq_only",""
"","278232272","断桥残雪","许嵩","许嵩早期单曲集","","","断桥残雪","许嵩","qq_only",""
"","278793284","不梦等闲","河图","不梦等闲","","","不梦等闲","河图","qq_only",""
"","279943274","明鏡肆水","KOCHO","明鏡肆水","","","明鏡肆水","KOCHO","qq_only",""
"","281506863","嘉宾","张远","嘉宾","","","嘉宾","张远","qq_only",""
"","2836092","Roundabout","Yes","Yesstory","","","Roundabout","Yes","qq_only",""
"","284317696","不将就","李荣浩","不将就","","","不将就","李荣浩","qq_only",""
"","2847977","Get Over","Dream","Get Over Mix (Single)","","","Get Over","Dream","qq_only",""
"","285416284","光辉岁月","BEYOND","BEYOND珍藏版 I","","","光辉岁月","BEYOND","qq_only",""
"","287830022","ハルカ","YOASOBI","ハルカ","","","ハルカ","YOASOBI","qq_only",""
"","287838661","アンコール","YOASOBI","THE BOOK","","","アンコール","YOASOBI","qq_only",""
"","288425509","Drown","milet","Drown / You & I","","","Drown","milet","qq_only",""
"","288584812","野心","薛之谦","天外来物","","","野心","薛之谦","qq_only",""
"","288607605","初恋 (アルバム・ヴァージョン)","村下孝蔵","ひとりぼっちのあなたに 〜村下孝蔵選曲集〜","","","初恋 (アルバム・ヴァージョン)","村下孝蔵","qq_only",""
"","289448163","怪物","YOASOBI","怪物","","","怪物","YOASOBI","qq_only",""
"","291692590","唯一","告五人","运气来得若有似无","","","唯一","告五人","qq_only",""
"","292356870","春を告げる","yama","春を告げる","","","春を告げる","yama","qq_only",""
"","292664234","優しい彗星","YOASOBI","優しい彗星","","","優しい彗星","YOASOBI","qq_only",""
"","293434","Back In Black","AC/DC","Back In Black","","","Back In Black","AC/DC","qq_only",""
"","295404119","BRE@TH//LESS","澤野弘之","アルドノア・ゼロ オリジナル・サウンドトラック","","","BRE@TH//LESS","澤野弘之","qq_only",""
"","2975673","搞笑","罗志祥","潮男正传","","","搞笑","罗志祥","qq_only",""
"","298549495","Wellerman","Santiano","Wellerman","","","Wellerman","Santiano","qq_only",""
"","307890377","Cry Baby","Official髭男dism","Cry Baby","","","Cry Baby","Official髭男dism","qq_only",""
"","308529092","もう少しだけ","YOASOBI","もう少しだけ","","","もう少しだけ","YOASOBI","qq_only",""
"","309406759","閃光の行方【「英雄伝説 閃の軌跡ＩＩ」オープニングテーマ】","Falcom Sound Team J.D.K.","閃光の行方【「英雄伝説 閃の軌跡ＩＩ」オープニングテーマ】","","","閃光の行方【「英雄伝説 閃の軌跡ＩＩ」オープニングテーマ】","Falcom Sound Team J.D.K.","qq_only",""
"","310083400","栖凰","三无Marblue","忘川风华录翻唱合集","","","栖凰","三无Marblue","qq_only",""
"","311338","My Love","Westlife","Coast To Coast (Expanded Edition)","","","My Love","Westlife","qq_only",""
"","311354","Swear It Again","Westlife","Live At Wembley Arena 10the March 2001","","","Swear It Again","Westlife","qq_only",""
"","311356","Seasons In The Sun","Westlife","Live At Wembley Arena 10the March 2001","","","Seasons In The Sun","Westlife","qq_only",""
"","312910950","Operation Blade","塞壬唱片-MSR","危机合约 黄铁·利刃·燃灰OST","","","Operation Blade","塞壬唱片-MSR","qq_only",""
"","313819266","三原色","YOASOBI","三原色","","","三原色","YOASOBI","qq_only",""
"","315198","I Surrender","Céline Dion","A New Day Has Come","","","I Surrender","Céline Dion","qq_only",""
"","315748000","My Darling","Fate/Grand Order","Fate/Grand Order Waltz in the MOONLIGHT/LOSTROOM song material","","","My Darling","Fate/Grand Order","qq_only",""
"","315748001","悲しき炎","Fate/Grand Order","Fate/Grand Order Waltz in the MOONLIGHT/LOSTROOM song material","","","悲しき炎","Fate/Grand Order","qq_only",""
"","315748002","奇跡の彼方","Fate/Grand Order","Fate/Grand Order Waltz in the MOONLIGHT/LOSTROOM song material","","","奇跡の彼方","Fate/Grand Order","qq_only",""
"","315748003","Last Dance","Fate/Grand Order","Fate/Grand Order Waltz in the MOONLIGHT/LOSTROOM song material","","","Last Dance","Fate/Grand Order","qq_only",""
"","318931533","STAY","The Kid LAROI","F*CK LOVE 3+: OVER YOU (Explicit)","","","STAY","The Kid LAROI","qq_only",""
"","320315208","时光洪流","程响","时光洪流","","","时光洪流","程响","qq_only",""
"","321243404","万象长安","剑网3","万象长安（《剑网3》十二周年纪念主题曲）","","","万象长安","剑网3","qq_only",""
"","321417701","Moody Wind","Anthony Lazaro","Moody Wind","","","Moody Wind","Anthony Lazaro","qq_only",""
"","321565147","生命線","ReoNa","月姫 -A piece of blue glass moon- THEME SONG E.P.","","","生命線","ReoNa","qq_only",""
"","3223506","画沙","袁咏琳","袁咏琳 Cindy","","","画沙","袁咏琳","qq_only",""
"","323960584","泣き虫空に可愛い傘","高橋優","","","","泣き虫空に可愛い傘","高橋優","qq_only",""
"","328262786","戒烟","李荣浩","戒烟","","","戒烟","李荣浩","qq_only",""
"","330621481","茉莉雨","林俊杰","新地球","","","茉莉雨","林俊杰","qq_only",""
"","330621487","生生","林俊杰","新地球","","","生生","林俊杰","qq_only",""
"","330621488","爱的鼓励","林俊杰","新地球","","","爱的鼓励","林俊杰","qq_only",""
"","330621489","黑键","林俊杰","新地球","","","黑键","林俊杰","qq_only",""
"","331723843","落在生命里的光","尹昔眠","落在生命里的光","","","落在生命里的光","尹昔眠","qq_only",""
"","331839675","孤勇者","陈奕迅","孤勇者","","","孤勇者","陈奕迅","qq_only",""
"","332142933","もしも命が描けたら","YOASOBI","THE BOOK 2","","","もしも命が描けたら","YOASOBI","qq_only",""
"","332562324","剑魂","汪苏泷","剑魂","","","剑魂","汪苏泷","qq_only",""
"","332717287","无关风雪与夜话","河图","无关风雪与夜话","","","无关风雪与夜话","河图","qq_only",""
"","333513700","残響散歌","Aimer","残響散歌 / 朝が来る","","","残響散歌","Aimer","qq_only",""
"","335005029","满天星辰不及你","ycccc","满天星辰不及你","","","满天星辰不及你","ycccc","qq_only",""
"","335488092","血染长枪铸唐魂","流浪的蛙蛙","流浪的蛙蛙歌曲合集","","","血染长枪铸唐魂","流浪的蛙蛙","qq_only",""
"","335638750","歌者","谭维维","歌者","","","歌者","谭维维","qq_only",""
"","338156155","Trigger","佐久間貴生","Trigger","","","Trigger","佐久間貴生","qq_only",""
"","347695991","骄傲的你","尹昔眠","骄傲的你","","","骄傲的你","尹昔眠","qq_only",""
"","348029623","狂","剑网3","狂（时间会证明我们的伟大）","","","狂","剑网3","qq_only",""
"","349533276","中国觉醒","华语群星","中国觉醒","","","中国觉醒","华语群星","qq_only",""
"","357451956","人间惊鸿客","Faye 詹雯婷","人间惊鸿客","","","人间惊鸿客","Faye 詹雯婷","qq_only",""
"","3585639","方圆几里","薛之谦","意外","","","方圆几里","薛之谦","qq_only",""
"","3585884","明明就","周杰伦","十二新作","","","明明就","周杰伦","qq_only",""
"","3586263","爱你没差","周杰伦","十二新作","","","爱你没差","周杰伦","qq_only",""
"","3586266","哪里都是你","周杰伦","十二新作","","","哪里都是你","周杰伦","qq_only",""
"","3586669","ボーリング","高桥优","僕らの平成ロックンロール2","","","ボーリング","高桥优","qq_only",""
"","3586675","I LOVE YOU","高桥优","僕らの平成ロックンロール2","","","I LOVE YOU","高桥优","qq_only",""
"","359977649","染","凤凰传奇","染","","","染","凤凰传奇","qq_only",""
"","360294139","花の塔","さユり","花の塔","","","花の塔","さユり","qq_only",""
"","361026819","golden hour","JVKE","this is what ____ feels like (Vol. 1-4)","","","golden hour","JVKE","qq_only",""
"","3625300","あなたがいた森","树海","Wild flower","","","あなたがいた森","树海","qq_only",""
"","368758841","多索雷斯假日","塞壬唱片-MSR","多索雷斯假日OST","","","多索雷斯假日","塞壬唱片-MSR","qq_only",""
"","369482028","花の塔","さユり","酸欠少女","","","花の塔","さユり","qq_only",""
"","369997972","可愛くてごめん (feat. かぴ)","HoneyWorks","告白実行委員会 -FLYING SONGS- 恋してる","","","可愛くてごめん (feat. かぴ)","HoneyWorks","qq_only",""
"","371458308","忘れじの言の葉 (feat. 安次嶺希和子) [2022]","未来古代楽団","忘れじの言の葉／エデンの揺り籃","","","忘れじの言の葉 (feat. 安次嶺希和子) [2022]","未来古代楽団","qq_only",""
"","372213688","戒网","村西","戒网（《黑神话：悟空》游戏插曲）","","","戒网","村西","qq_only",""
"","373924372","纸上雪","许嵩","纸上雪","","","纸上雪","许嵩","qq_only",""
"","375974443","终不还","河图","终不还","","","终不还","河图","qq_only",""
"","376343869","祝福","YOASOBI","祝福","","","祝福","YOASOBI","qq_only",""
"","376407868","STAR WALKIN'","Lil Nas X","STAR WALKIN' (League of Legends Worlds Anthem)","","","STAR WALKIN'","Lil Nas X","qq_only",""
"","376794891","青春コンプレックス","結束バンド","青春コンプレックス","","","青春コンプレックス","結束バンド","qq_only",""
"","376959725","Celestial","Ed Sheeran","Celestial","","","Celestial","Ed Sheeran","qq_only",""
"","379477453","Running In The Dark","MONKEY MAJIK","Running In The Dark【手游《明日方舟》印象曲】","","","Running In The Dark","MONKEY MAJIK","qq_only",""
"","379746169","ギターと孤独と蒼い惑星","結束バンド","ギターと孤独と蒼い惑星","","","ギターと孤独と蒼い惑星","結束バンド","qq_only",""
"","388974775","故事终章","程响","故事终章","","","故事终章","程响","qq_only",""
"","389987990","晚风心里吹","李克勤","晚风心里吹","","","晚风心里吹","李克勤","qq_only",""
"","390798","诛仙恋","任贤齐","如果没有你","","","诛仙恋","任贤齐","qq_only",""
"","391460","再别康桥","S.H.E","Play","","","再别康桥","S.H.E","qq_only",""
"","391610675","人是_","周深","人是_","","","人是_","周深","qq_only",""
"","391630674","THREE-BODY (三体)","重塑雕像的权利","THREE-BODY (三体)","","","THREE-BODY (三体)","重塑雕像的权利","qq_only",""
"","391639549","时间的尽头","陈雪燃","三体 电视剧影视原声专辑 第一篇章 (Vol 1)","","","时间的尽头","陈雪燃","qq_only",""
"","399819","アイムヒア","伊藤由奈","I'm Here","","","アイムヒア","伊藤由奈","qq_only",""
"","399956079","前前前世 (movie ver.)","RADWIMPS","君の名は。（黑胶版）","","","前前前世 (movie ver.)","RADWIMPS","qq_only",""
"","403181955","アイドル","YOASOBI","アイドル","","","アイドル","YOASOBI","qq_only",""
"","403778","不能说的秘密","周杰伦","不能说的秘密 电影原声带","","","不能说的秘密","周杰伦","qq_only",""
"","404021829","鸳鸯债","纸嫁衣","鸳鸯债，鸳鸯债纸嫁衣","","","鸳鸯债","纸嫁衣","qq_only",""
"","404334812","メフィスト","女王蜂","メフィスト","","","メフィスト","女王蜂","qq_only",""
"","405007729","愿与愁","林俊杰","重拾_快乐","","","愿与愁","林俊杰","qq_only",""
"","405384","私奔到月球","五月天","离开地球表面 Jump!","","","私奔到月球","五月天","qq_only",""
"","405385","离开地球表面","五月天","离开地球表面 Jump!","","","离开地球表面","五月天","qq_only",""
"","409392599","メフィスト","女王蜂","メフィスト","","","メフィスト","女王蜂","qq_only",""
"","410316","青花瓷","周杰伦","我很忙","","","青花瓷","周杰伦","qq_only",""
"","410422096","ご唱和ください 我の名を！","遠藤正明","","","","ご唱和ください 我の名を！","遠藤正明","qq_only",""
"","411682","一番星","田井中彩智","Lipstick/一番星","","","一番星","田井中彩智","qq_only",""
"","416764","洋葱","杨宗纬","鸽子","","","洋葱","杨宗纬","qq_only",""
"","417199009","笼","张碧晨","笼","","","笼","张碧晨","qq_only",""
"","420627190","离别开出花","就是南方凯","离别开出花","","","离别开出花","就是南方凯","qq_only",""
"","421073371","残響散歌","Aimer","Open α Door","","","残響散歌","Aimer","qq_only",""
"","421186315","flowers","Hana Hope","flowers","","","flowers","Hana Hope","qq_only",""
"","424728186","旅人","罗云熙","旅人","","","旅人","罗云熙","qq_only",""
"","426766846","Misty Memory","塞壬唱片-MSR","火山旅梦OST","","","Misty Memory","塞壬唱片-MSR","qq_only",""
"","426909707","僕らのスペクトラ","きただにひろし","僕らのスペクトラ","","","僕らのスペクトラ","きただにひろし","qq_only",""
"","429407456","少年壮志不言愁","刘欢","神州踏歌60年·6人民军队好","","","少年壮志不言愁","刘欢","qq_only",""
"","431115590","どうして (feat. 野田愛実)","高瀬統也","13月2日","","","どうして (feat. 野田愛実)","高瀬統也","qq_only",""
"","431121167","Ave Mujica","Ave Mujica","Alea jacta est","","","Ave Mujica","Ave Mujica","qq_only",""
"","432446","路...一直都在","陈奕迅","不想放手","","","路...一直都在","陈奕迅","qq_only",""
"","437299878","勇者","YOASOBI","勇者","","","勇者","YOASOBI","qq_only",""
"","438021880","Anytime Anywhere","milet","Anytime Anywhere","","","Anytime Anywhere","milet","qq_only",""
"","439495286","登神 (GODS)","NewJeans","登神 (GODS)","","","登神 (GODS)","NewJeans","qq_only",""
"","442856835","花","藤井风","花","","","花","藤井风","qq_only",""
"","443654270","春日影","MyGO!!!!!","迷迹波","","","春日影","MyGO!!!!!","qq_only",""
"","444238812","探故知","浅影阿","探故知","","","探故知","浅影阿","qq_only",""
"","447257","Always Online","林俊杰","JJ陆","","","Always Online","林俊杰","qq_only",""
"","447260","我还想她","林俊杰","JJ陆","","","我还想她","林俊杰","qq_only",""
"","447624","回忆的沙漏","G.E.M. 邓紫棋","G.E.M.","","","回忆的沙漏","G.E.M. 邓紫棋","qq_only",""
"","447807","突然好想你","五月天","后青春期的诗","","","突然好想你","五月天","qq_only",""
"","447809","生存以上生活以下","五月天","后青春期的诗","","","生存以上生活以下","五月天","qq_only",""
"","447810","你不是真正的快乐","五月天","后青春期的诗","","","你不是真正的快乐","五月天","qq_only",""
"","447816","我心中尚未崩坏的地方","五月天","后青春期的诗","","","我心中尚未崩坏的地方","五月天","qq_only",""
"","448596","逍遥叹","胡歌","仙剑奇侠传 电视剧原声带","","","逍遥叹","胡歌","qq_only",""
"","449195","龙战骑士","周杰伦","魔杰座","","","龙战骑士","周杰伦","qq_only",""
"","449197","蛇舞","周杰伦","魔杰座","","","蛇舞","周杰伦","qq_only",""
"","449198","花海","周杰伦","魔杰座","","","花海","周杰伦","qq_only",""
"","449199","魔术先生","周杰伦","魔杰座","","","魔术先生","周杰伦","qq_only",""
"","449200","说好的幸福呢","周杰伦","魔杰座","","","说好的幸福呢","周杰伦","qq_only",""
"","449205","稻香","周杰伦","魔杰座","","","稻香","周杰伦","qq_only",""
"","450508691","Biri-Biri","YOASOBI","Biri-Biri","","","Biri-Biri","YOASOBI","qq_only",""
"","457679717","HEART BEAT","YOASOBI","HEART BEAT","","","HEART BEAT","YOASOBI","qq_only",""
"","459872048","神のまにまに","初音ミク","","","","神のまにまに","初音ミク","qq_only",""
"","460499","春雨里洗过的太阳","王力宏","心·跳","","","春雨里洗过的太阳","王力宏","qq_only",""
"","460874","清明雨上","许嵩","自定义","","","清明雨上","许嵩","qq_only",""
"","460876","认错","许嵩","自定义","","","认错","许嵩","qq_only",""
"","461870184","晴る","ヨルシカ","晴る","","","晴る","ヨルシカ","qq_only",""
"","462188","情歌","梁静茹","静茹 & 情歌 别再为他流泪","","","情歌","梁静茹","qq_only",""
"","462885","痴心绝对","李圣杰","音乐十年李圣杰, 唯一精选","","","痴心绝对","李圣杰","qq_only",""
"","4631","难念的经","周华健","生·生活","","","难念的经","周华健","qq_only",""
"","464266","全世界都停电","Tank","爱就宅一起 电视剧原声带","","","全世界都停电","Tank","qq_only",""
"","467695336","浸春芜","塞壬唱片-MSR","浸春芜","","","浸春芜","塞壬唱片-MSR","qq_only",""
"","4713218","鳥の詩","Lia","AIR Original SoundTrack","","","鳥の詩","Lia","qq_only",""
"","472004","风云决","任贤齐","齐待","","","风云决","任贤齐","qq_only",""
"","4720510","ONE","塩ノ谷早耶香","Dear Heaven","","","ONE","塩ノ谷早耶香","qq_only",""
"","4720513","Dear Heaven","塩ノ谷早耶香","Dear Heaven","","","Dear Heaven","塩ノ谷早耶香","qq_only",""
"","472269838","Miss U the 715th time","AniFace","三音成曲","","","Miss U the 715th time","AniFace","qq_only",""
"","4727749","划地为牢","羽泉","划地为牢 剑侠情缘网络版原声带","","","划地为牢","羽泉","qq_only",""
"","4753066","英雄杀","陈楚生","英雄杀","","","英雄杀","陈楚生","qq_only",""
"","475659","如果我变成回忆","Tank","第三回合","","","如果我变成回忆","Tank","qq_only",""
"","478520","DNA","五月天","DNA","","","DNA","五月天","qq_only",""
"","4787245","変わらないもの","96猫","アイリス(Iris)","","","変わらないもの","96猫","qq_only",""
"","4795357","Point Zero","梶浦由记","Fate/Zero Original Soundtracks Vol.1","","","Point Zero","梶浦由记","qq_only",""
"","4796615","モノクローム","戸松遥","STAR DRIVER 輝きのタクト1 特典CD","","","モノクローム","戸松遥","qq_only",""
"","4799526","幼女幻奏","Sing, R. Sing!","らんしゃましゃんしゃん","","","幼女幻奏","Sing, R. Sing!","qq_only",""
"","480811","你快回来","孙楠","楠得精选","","","你快回来","孙楠","qq_only",""
"","480878","第二天堂","林俊杰","第二天堂","","","第二天堂","林俊杰","qq_only",""
"","4813985","ROBOTICS;NOTES","林友树","TV ANIMATION ROBOTICS;NOTES オリジナルサウンドトラック","","","ROBOTICS;NOTES","林友树","qq_only",""
"","4829554","天龙八部之宿敌","许嵩","天龙八部之宿敌","","","天龙八部之宿敌","许嵩","qq_only",""
"","4829843","小小","容祖儿","小小","","","小小","容祖儿","qq_only",""
"","4830156","沧海一声笑","任贤齐","为爱走天涯","","","沧海一声笑","任贤齐","qq_only",""
"","4830184","第一次","光良","第1次个人创作专辑","","","第一次","光良","qq_only",""
"","4830223","恒星的恒心","五月天","时光机","","","恒星的恒心","五月天","qq_only",""
"","4830224","生命有一种绝对","五月天","时光机","","","生命有一种绝对","五月天","qq_only",""
"","4830251","让我照顾你","五月天","神的孩子都在跳舞","","","让我照顾你","五月天","qq_only",""
"","4830253","超人","五月天","神的孩子都在跳舞","","","超人","五月天","qq_only",""
"","4830286","知足","五月天","知足 最真杰作选","","","知足","五月天","qq_only",""
"","4830291","拥抱","五月天","知足 最真杰作选","","","拥抱","五月天","qq_only",""
"","4830310","背叛","曹格","SUPERMAN","","","背叛","曹格","qq_only",""
"","4830984","御龙吟","御龙在天","御龙在天 游戏原声带","","","御龙吟","御龙在天","qq_only",""
"","4830992","刀锋偏冷","李宇春","刀锋偏冷","","","刀锋偏冷","李宇春","qq_only",""
"","4845844","I. Allegro con brio","Wiener Philharmoniker","Beethoven: Symphonies Nos. 5 & 7","","","I. Allegro con brio","Wiener Philharmoniker","qq_only",""
"","4845845","II. Andante con moto","Wiener Philharmoniker","Beethoven: Symphonies Nos. 5 & 7","","","II. Andante con moto","Wiener Philharmoniker","qq_only",""
"","4845846","III. Scherzo. Allegro - Trio","Wiener Philharmoniker","Beethoven: Symphonies Nos. 5 & 7","","","III. Scherzo. Allegro - Trio","Wiener Philharmoniker","qq_only",""
"","486156","I Don't Wanna Fight","Westlife","Westlife","","","I Don't Wanna Fight","Westlife","qq_only",""
"","486871564","Arsonist","塞壬唱片-MSR","Arsonist","","","Arsonist","塞壬唱片-MSR","qq_only",""
"","4917988","Merry Christmas Mr. Lawrence","坂本龙一","Three","","","Merry Christmas Mr. Lawrence","坂本龙一","qq_only",""
"","4930516","神话情话","周华健","两岸三地电视剧主题曲大比拼","","","神话情话","周华健","qq_only",""
"","4930723","疯狂世界","五月天","第一张创作专辑","","","疯狂世界","五月天","qq_only",""
"","4931454","相信","五月天","人生海海","","","相信","五月天","qq_only",""
"","4932219","阿姆斯壮","五月天","时光机","","","阿姆斯壮","五月天","qq_only",""
"","4932220","而我知道","五月天","时光机","","","而我知道","五月天","qq_only",""
"","4932453","约翰蓝侬","五月天","神的孩子都在跳舞","","","约翰蓝侬","五月天","qq_only",""
"","4932455","晚安 地球人","五月天","神的孩子都在跳舞","","","晚安 地球人","五月天","qq_only",""
"","4932646","少年","光良","童话","","","少年","光良","qq_only",""
"","4932764","牙关","五月天","知足 最真杰作选","","","牙关","五月天","qq_only",""
"","4932827","燕尾蝶","五月天","Final Home当我们混在一起","","","燕尾蝶","五月天","qq_only",""
"","4945767","别人都说我们会分开","无印良品","珍重 95-99分手纪念精选辑","","","别人都说我们会分开","无印良品","qq_only",""
"","4951687","2EM16_0944“Fate”","鹭巣诗郎","ヱヴァンゲリヲン新劇場版:破 オリジナルサウンドトラック","","","2EM16_0944“Fate”","鹭巣诗郎","qq_only",""
"","4954728","天仙子","谢雨欣","侠客行 电视剧原声带","","","天仙子","谢雨欣","qq_only",""
"","4958714","風の住む街","矶村由纪子","風の住む街","","","風の住む街","矶村由纪子","qq_only",""
"","4959782","Call your name <Vocal: mpi & CASG(Caramel Apple Sound Gadget)>","澤野弘之","TVアニメ「進撃の巨人」オリジナルサウンドトラック 音楽:澤野弘之","","","Call your name <Vocal: mpi & CASG(Caramel Apple Sound Gadget)>","澤野弘之","qq_only",""
"","4966004","Melody","陶喆","Ultrasound 乐之路 1997-2003","","","Melody","陶喆","qq_only",""
"","4966088","CANDY","高桥优","BREAK MY SILENCE","","","CANDY","高桥优","qq_only",""
"","4966093","涙の温度","高桥优","BREAK MY SILENCE","","","涙の温度","高桥优","qq_only",""
"","4976072","红豆","方大同","Timeless 可啦思刻","","","红豆","方大同","qq_only",""
"","4993762","倾尽天下","河图","倾尽天下","","","倾尽天下","河图","qq_only",""
"","5009031","如果我变成回忆","Tank","我爱幸运七 电视剧原声带","","","如果我变成回忆","Tank","qq_only",""
"","5027519","Dの意志","中西亮輔","TVアニメ ハイスクールD×D NEW オリジナルサウンドトラック","","","Dの意志","中西亮輔","qq_only",""
"","5029635","Look At Me Now","Charlie Puth","Ego","","","Look At Me Now","Charlie Puth","qq_only",""
"","5034915","勇気の翼","岩崎元是","そらのおとしものf（フォルテ） ハートが目を覚ます音楽集","","","勇気の翼","岩崎元是","qq_only",""
"","5046094","境界の彼方","茅原实里","境界の彼方 (アニメ盤)","","","境界の彼方","茅原实里","qq_only",""
"","505016256","Mystic Light Quest","塞壬唱片-MSR","Mystic Light Quest","","","Mystic Light Quest","塞壬唱片-MSR","qq_only",""
"","5063374","黑暗骑士 (feat. 五月天)","林俊杰","因你 而在","","","黑暗骑士 (feat. 五月天)","林俊杰","qq_only",""
"","5063375","修炼爱情","林俊杰","因你 而在","","","修炼爱情","林俊杰","qq_only",""
"","5079336","悲痛な闘い","高梨康治","一騎当千Great Guardians～オリジナルサウンドトラック～音楽:高梨康治 他","","","悲痛な闘い","高梨康治","qq_only",""
"","509883094","看见","陈鸿宇","《黑神话：悟空》游戏音乐精选集","","","看见","陈鸿宇","qq_only",""
"","509883527","屁","者来女","《黑神话：悟空》游戏音乐精选集","","","屁","者来女","qq_only",""
"","509884965","勿听","张紫宁","《黑神话：悟空》游戏音乐精选集","","","勿听","张紫宁","qq_only",""
"","509884989","不由己","陈彼得","《黑神话：悟空》游戏音乐精选集","","","不由己","陈彼得","qq_only",""
"","509886808","听","张紫宁","《黑神话：悟空》游戏音乐精选集","","","听","张紫宁","qq_only",""
"","509886941","未竟","秦勇","《黑神话：悟空》游戏音乐精选集","","","未竟","秦勇","qq_only",""
"","5099912","Daisy","STEREO DIVE FOUNDATION","Daisy","","","Daisy","STEREO DIVE FOUNDATION","qq_only",""
"","5104339","Take Me Home","Midnight Red","Midnight Red","","","Take Me Home","Midnight Red","qq_only",""
"","5106429","丑八怪","薛之谦","意外","","","丑八怪","薛之谦","qq_only",""
"","5106430","你还要我怎样","薛之谦","意外","","","你还要我怎样","薛之谦","qq_only",""
"","511457063","雑踏、僕らの街","トゲナシトゲアリ","棘ナシ","","","雑踏、僕らの街","トゲナシトゲアリ","qq_only",""
"","5131923","步步","五月天","步步 自选作品辑 the Best of 1999-2013","","","步步","五月天","qq_only",""
"","5177680","红尘客栈","周杰伦","十二新作","","","红尘客栈","周杰伦","qq_only",""
"","5211334","逆光","孙燕姿","逆光","","","逆光","孙燕姿","qq_only",""
"","5211338","我怀念的","孙燕姿","逆光","","","我怀念的","孙燕姿","qq_only",""
"","522929","记事本","陈慧琳","爱我不爱","","","记事本","陈慧琳","qq_only",""
"","5267638","Soldier","Samantha Jade","Soldier","","","Soldier","Samantha Jade","qq_only",""
"","5293866","特别的人","方大同","危险世界","","","特别的人","方大同","qq_only",""
"","542574330","跳楼机","LBI利比（时柏尘）","跳楼机","","","跳楼机","LBI利比（时柏尘）","qq_only",""
"","5438112","それは僕たちの奇跡","μ's","それは僕たちの奇跡","","","それは僕たちの奇跡","μ's","qq_only",""
"","5453330","高山低谷","林奕匡","3","","","高山低谷","林奕匡","qq_only",""
"","548573223","KiLLKiSS","Ave Mujica","KiLLKiSS","","","KiLLKiSS","Ave Mujica","qq_only",""
"","553145","爱情转移","陈奕迅","爱情呼叫转移","","","爱情转移","陈奕迅","qq_only",""
"","5536869","阴天快乐","陈奕迅","rice & shine","","","阴天快乐","陈奕迅","qq_only",""
"","559571511","Battleplan Extinguished Sins","塞壬唱片-MSR","危机合约净罪作战OST","","","Battleplan Extinguished Sins","塞壬唱片-MSR","qq_only",""
"","5665570","天后","陈势安","天后","","","天后","陈势安","qq_only",""
"","571192300","天球 (そら) のMúsica","Ave Mujica","天球 (そら) のMúsica","","","天球 (そら) のMúsica","Ave Mujica","qq_only",""
"","573416486","顔","Ave Mujica","顔","","","顔","Ave Mujica","qq_only",""
"","573897447","Eclipse","Aimer","Eclipse","","","Eclipse","Aimer","qq_only",""
"","574174789","Imprisoned XII","Ave Mujica","Completeness","","","Imprisoned XII","Ave Mujica","qq_only",""
"","574932243","春日影 - From THE FIRST TAKE","CRYCHIC","春日影 - From THE FIRST TAKE","","","春日影 - From THE FIRST TAKE","CRYCHIC","qq_only",""
"","575371795","若爱能撤回","潘业成","若爱能撤回","","","若爱能撤回","潘业成","qq_only",""
"","575856258","No Bet, No Life","塞壬唱片-MSR","争锋频道：青草城OST","","","No Bet, No Life","塞壬唱片-MSR","qq_only",""
"","580287586","我用什么把你留住","陈楚生","歌手2025 第2期","","","我用什么把你留住","陈楚生","qq_only",""
"","583398164","一首甜甜的流行歌","陈默之","未点亮的星2.0","","","一首甜甜的流行歌","陈默之","qq_only",""
"","593472019","Little Wish","塞壬唱片-MSR","Little Wish","","","Little Wish","塞壬唱片-MSR","qq_only",""
"","601120802","in your blue eyes","Ave Mujica","in your blue eyes","","","in your blue eyes","Ave Mujica","qq_only",""
"","607082400","O Louco: No Caminho do Divino","Fanfic Sonora","O Louco: No Caminho do Divino","","","O Louco: No Caminho do Divino","Fanfic Sonora","qq_only",""
"","608839549","明日坐标","林俊杰","明日坐标","","","明日坐标","林俊杰","qq_only",""
"","620090","東風-piano-","折户伸治","CLANNAD Original Soundtrack","","","東風-piano-","折户伸治","qq_only",""
"","620094","存在-piano-","户越Magome","CLANNAD Original Soundtrack","","","存在-piano-","户越Magome","qq_only",""
"","620123","汐","户越Magome","CLANNAD Original Soundtrack","","","汐","户越Magome","qq_only",""
"","620124","幻想","户越Magome","CLANNAD Original Soundtrack","","","幻想","户越Magome","qq_only",""
"","624265156","Give Me Something (for Arknights Endfield)","OneRepublic","Give Me Something (for Arknights Endfield)","","","Give Me Something (for Arknights Endfield)","OneRepublic","qq_only",""
"","624649","红色高跟鞋","蔡健雅","若你碰到他","","","红色高跟鞋","蔡健雅","qq_only",""
"","637536475","鐵花飛","Mili","鐵花飛","","","鐵花飛","Mili","qq_only",""
"","638596","说谎","林宥嘉","感官/世界","","","说谎","林宥嘉","qq_only",""
"","641265809","永远不回头","沈腾","永远不回头","","","永远不回头","沈腾","qq_only",""
"","641520","新不了情","萧敬腾","爱的时刻自选辑","","","新不了情","萧敬腾","qq_only",""
"","6424568","歳 (弾き語り)","高桥优","太陽と花","","","歳 (弾き語り)","高桥优","qq_only",""
"","646245","起来","五月天","D.N.A LIVE! 五月天创造 小巨蛋演唱会创纪录音","","","起来","五月天","qq_only",""
"","648231","背对背拥抱","林俊杰","100天","","","背对背拥抱","林俊杰","qq_only",""
"","651380","灰色头像","许嵩","寻雾启示","","","灰色头像","许嵩","qq_only",""
"","651382","庐州月","许嵩","寻雾启示","","","庐州月","许嵩","qq_only",""
"","657428009","宜","铁痕电台-MSR","宜","","","宜","铁痕电台-MSR","qq_only",""
"","6589021","千年之恋","F.I.R.飞儿乐团","无限","","","千年之恋","F.I.R.飞儿乐团","qq_only",""
"","661140351","Innocence","塞壬唱片-MSR","Innocence","","","Innocence","塞壬唱片-MSR","qq_only",""
"","661529292","Don't Miss It","塞壬唱片-MSR","Don't Miss It","","","Don't Miss It","塞壬唱片-MSR","qq_only",""
"","680277","跨时代","周杰伦","跨时代","","","跨时代","周杰伦","qq_only",""
"","680278","说了再见","周杰伦","跨时代","","","说了再见","周杰伦","qq_only",""
"","680279","烟花易冷","周杰伦","跨时代","","","烟花易冷","周杰伦","qq_only",""
"","680281","好久不见","周杰伦","跨时代","","","好久不见","周杰伦","qq_only",""
"","680282","雨下一整晚","周杰伦","跨时代","","","雨下一整晚","周杰伦","qq_only",""
"","680284","我落泪情绪零碎","周杰伦","跨时代","","","我落泪情绪零碎","周杰伦","qq_only",""
"","680286","自导自演","周杰伦","跨时代","","","自导自演","周杰伦","qq_only",""
"","680287","超人不会飞","周杰伦","跨时代","","","超人不会飞","周杰伦","qq_only",""
"","698418","忘记时间","胡歌","蓝光 新歌 (精选辑)","","","忘记时间","胡歌","qq_only",""
"","7009851","爱错","王力宏","2008 Music-Man 世界巡回演唱会","","","爱错","王力宏","qq_only",""
"","7023937","剑心","张杰","古剑奇谭 电视原声带","","","剑心","张杰","qq_only",""
"","706664","一番の宝物","VISUAL ARTS","Angel Beats! Original SoundTrack","","","一番の宝物","VISUAL ARTS","qq_only",""
"","706665","Brave Song","VISUAL ARTS","Angel Beats! Original SoundTrack","","","Brave Song","VISUAL ARTS","qq_only",""
"","7102716","惊鸿一面","许嵩","不如吃茶去","","","惊鸿一面","许嵩","qq_only",""
"","7110243","世界は恋に落ちている","CHiCO with HoneyWorks","世界は恋に落ちている","","","世界は恋に落ちている","CHiCO with HoneyWorks","qq_only",""
"","7112755","风度","汪苏泷","万有引力","","","风度","汪苏泷","qq_only",""
"","7112782","不分手的恋爱","汪苏泷","好安静","","","不分手的恋爱","汪苏泷","qq_only",""
"","7122835","想自由","林宥嘉","美妙生活","","","想自由","林宥嘉","qq_only",""
"","7124836","我爱的人","林宥嘉","星光同学会","","","我爱的人","林宥嘉","qq_only",""
"","7137425","ヤキモチ","高桥优","今、そこにある明滅と群生","","","ヤキモチ","高桥优","qq_only",""
"","7150911","星辰变","吴克群","星辰变","","","星辰变","吴克群","qq_only",""
"","7155491","Fire","Gavin DeGraw","Fire","","","Fire","Gavin DeGraw","qq_only",""
"","718273","蜗牛","周杰伦","范特西PLUS","","","蜗牛","周杰伦","qq_only",""
"","718274","黄金甲","周杰伦","黄金甲","","","黄金甲","周杰伦","qq_only",""
"","718475","发如雪","周杰伦","十一月的萧邦","","","发如雪","周杰伦","qq_only",""
"","718476","四面楚歌","周杰伦","十一月的萧邦","","","四面楚歌","周杰伦","qq_only",""
"","718477","夜曲","周杰伦","十一月的萧邦","","","夜曲","周杰伦","qq_only",""
"","718478","一路向北","周杰伦","十一月的萧邦","","","一路向北","周杰伦","qq_only",""
"","718480","黑色毛衣","周杰伦","十一月的萧邦","","","黑色毛衣","周杰伦","qq_only",""
"","718483","麦芽糖","周杰伦","十一月的萧邦","","","麦芽糖","周杰伦","qq_only",""
"","718484","逆鳞","周杰伦","十一月的萧邦","","","逆鳞","周杰伦","qq_only",""
"","718485","飘移","周杰伦","十一月的萧邦","","","飘移","周杰伦","qq_only",""
"","718486","珊瑚海","周杰伦","十一月的萧邦","","","珊瑚海","周杰伦","qq_only",""
"","7198356","为龙","河图","河图精选","","","为龙","河图","qq_only",""
"","7216774","こんな世界、知りたくなかった。","沢井美空","こんな世界、知りたくなかった。(期間生産限定アニメ盤)","","","こんな世界、知りたくなかった。","沢井美空","qq_only",""
"","7253147","黄昏","周传雄","K情歌2","","","黄昏","周传雄","qq_only",""
"","7264724","Snow halation","μ's","Snow halation","","","Snow halation","μ's","qq_only",""
"","726709","珊瑚海","Lara梁心颐","下雨天","","","珊瑚海","Lara梁心颐","qq_only",""
"","7335577","情侣装","许嵩","情侣装","","","情侣装","许嵩","qq_only",""
"","738015","U&I","放課後ティータイム","放課後ティータイム II","","","U&I","放課後ティータイム","qq_only",""
"","738016","天使にふれたよ!","放課後ティータイム","放課後ティータイム II","","","天使にふれたよ!","放課後ティータイム","qq_only",""
"","740366","需要人陪","王力宏","十八般武艺","","","需要人陪","王力宏","qq_only",""
"","743151","勇気100%","光GENJI","侧耳倾听I-第二乐章","","","勇気100%","光GENJI","qq_only",""
"","751049","这，就是爱","张杰","这，就是爱","","","这，就是爱","张杰","qq_only",""
"","764259","心墙","林俊杰","她说 概念自选辑","","","心墙","林俊杰","qq_only",""
"","773092","IV. Allegro","Wiener Philharmoniker","Beethoven: Symphonies Nos. 5 & 7","","","IV. Allegro","Wiener Philharmoniker","qq_only",""
"","777554","给我一个理由忘记","A-Lin","寂寞不痛","","","给我一个理由忘记","A-Lin","qq_only",""
"","779450","サヨナラまた...。","菅原纱由理THE SxPLAY","Close To You","","","サヨナラまた...。","菅原纱由理THE SxPLAY","qq_only",""
"","804224","Melody","陶喆","黑色柳丁","","","Melody","陶喆","qq_only",""
"","804870","God only knows","ELISA","Lasei","","","God only knows","ELISA","qq_only",""
"","809110","Cry for You","Ayuse Kozue","Cry for You","","","Cry for You","Ayuse Kozue","qq_only",""
"","8129113","Ideal white","綾野ましろ","ideal white(期間生産限定アニメ盤)","","","Ideal white","綾野ましろ","qq_only",""
"","818058","想象之中","许嵩","苏格拉没有底","","","想象之中","许嵩","qq_only",""
"","818067","千百度","许嵩","苏格拉没有底","","","千百度","许嵩","qq_only",""
"","829243","Endless Tears","CLIFF EDGE","Best of LOVE","","","Endless Tears","CLIFF EDGE","qq_only",""
"","837839","三国杀","汪苏泷","好安静","","","三国杀","汪苏泷","qq_only",""
"","865460","誰がために鐘は鳴る","高桥优","誰がために鐘は鳴る","","","誰がために鐘は鳴る","高桥优","qq_only",""
"","881606","ゆうべは俺が悪かった","Humbert Humbert","ニッケルオデオン","","","ゆうべは俺が悪かった","Humbert Humbert","qq_only",""
"","9061928","落叶归根","王力宏","改变自己","","","落叶归根","王力宏","qq_only",""
"","9077660","虹之间","金贵晟","I Believe爱不离","","","虹之间","金贵晟","qq_only",""
"","9107980","雪の華","中岛美嘉","Tears All Singles Best","","","雪の華","中岛美嘉","qq_only",""
"","938056","黑白之间","戚薇","如果爱忘了","","","黑白之间","戚薇","qq_only",""
"","9393871","无乐不作","范逸臣 Van Fan","无乐不作","","","无乐不作","范逸臣 Van Fan","qq_only",""
"","95199","曾经的你","许巍","每一刻都是崭新的","","","曾经的你","许巍","qq_only",""
"","95269","无尽的思念","林俊杰","编号89757","","","无尽的思念","林俊杰","qq_only",""
"","97256","第一天","孙燕姿","完美的一天","","","第一天","孙燕姿","qq_only",""
"","97740","爱在西元前","周杰伦","范特西","","","爱在西元前","周杰伦","qq_only",""
"","97741","爸，我回来了","周杰伦","范特西","","","爸，我回来了","周杰伦","qq_only",""
"","97743","安静","周杰伦","范特西","","","安静","周杰伦","qq_only",""
"","97744","简单爱","周杰伦","范特西","","","简单爱","周杰伦","qq_only",""
"","97748","威廉古堡","周杰伦","范特西","","","威廉古堡","周杰伦","qq_only",""
"","97750","可爱女人","周杰伦","Jay","","","可爱女人","周杰伦","qq_only",""
"","97752","星晴","周杰伦","Jay","","","星晴","周杰伦","qq_only",""
"","97755","黑色幽默","周杰伦","Jay","","","黑色幽默","周杰伦","qq_only",""
"","97758","龙卷风","周杰伦","Jay","","","龙卷风","周杰伦","qq_only",""
"","97761","半岛铁盒","周杰伦","八度空间","","","半岛铁盒","周杰伦","qq_only",""
"","97763","龙拳","周杰伦","八度空间","","","龙拳","周杰伦","qq_only",""
"","97764","火车叨位去","周杰伦","八度空间","","","火车叨位去","周杰伦","qq_only",""
"","97766","爷爷泡的茶","周杰伦","八度空间","","","爷爷泡的茶","周杰伦","qq_only",""
"","97768","米兰的小铁匠","周杰伦","八度空间","","","米兰的小铁匠","周杰伦","qq_only",""
"","97771","以父之名","周杰伦","叶惠美","","","以父之名","周杰伦","qq_only",""
"","97773","晴天","周杰伦","叶惠美","","","晴天","周杰伦","qq_only",""
"","97777","同一种调调","周杰伦","叶惠美","","","同一种调调","周杰伦","qq_only",""
"","97778","她的睫毛","周杰伦","叶惠美","","","她的睫毛","周杰伦","qq_only",""
"","97779","爱情悬崖","周杰伦","叶惠美","","","爱情悬崖","周杰伦","qq_only",""
"","97782","断了的弦","周杰伦","寻找周杰伦","","","断了的弦","周杰伦","qq_only",""
"","97784","轨迹","周杰伦","寻找周杰伦","","","轨迹","周杰伦","qq_only",""
"","98087","红颜","胡彦斌","音乐混合体","","","红颜","胡彦斌","qq_only",""
"","98220","四面楚歌","周杰伦","十一月的萧邦","","","四面楚歌","周杰伦","qq_only",""
"","98565","西厢","后弦","古·玩","","","西厢","后弦","qq_only",""
"","98566","桥段","后弦","古·玩","","","桥段","后弦","qq_only",""
"","99065","自我催眠","罗志祥","催眠SHOW","","","自我催眠","罗志祥","qq_only",""
